File,Status,Detail
5 Centimeters Per Second Soundtracks\Cherry Blossom.flac,not-found,
5 Centimeters Per Second Soundtracks\END THEME.flac,not-found,
5 Centimeters Per Second Soundtracks\Impatience.flac,not-found,
5 Centimeters Per Second Soundtracks\Kanae's Feelings.flac,not-found,
5 Centimeters Per Second Soundtracks\Kiss.flac,not-found,
5 Centimeters Per Second Soundtracks\Memories of Those Distant Days.flac,not-found,
"5 Centimeters Per Second Soundtracks\One more time, One more chance PIANO ver.flac",not-found,
5 Centimeters Per Second Soundtracks\Poem of the Sky and Sea.flac,not-found,
5 Centimeters Per Second Soundtracks\Snow Covered Station.flac,not-found,
5 Centimeters Per Second Soundtracks\The Dream.flac,not-found,
5 Centimeters Per Second Soundtracks\Unanswered Feelings.flac,not-found,
[20221007] 僕が愛したすべての君へ & 君を愛したひとりの僕へ「Original Soundtracks」\01. ふたりの空間 (映画「僕が愛したすべての君へ」.flac,not-found,
[20221007] 僕が愛したすべての君へ & 君を愛したひとりの僕へ「Original Soundtracks」\02. 「僕愛」オープニングテーマ (映画「僕が愛したすべての君へ」).flac,not-found,
[20221007] 僕が愛したすべての君へ & 君を愛したひとりの僕へ「Original Soundtracks」\03. 道 ～はじまり～ (映画「僕が愛したすべての君へ」).flac,not-found,
[20221007] 僕が愛したすべての君へ & 君を愛したひとりの僕へ「Original Soundtracks」\04. 出会い (映画「僕が愛したすべての君へ」).flac,not-found,
[20221007] 僕が愛したすべての君へ & 君を愛したひとりの僕へ「Original Soundtracks」\05. 優しさの種類 (映画「僕が愛したすべての君へ」).flac,not-found,
[20221007] 僕が愛したすべての君へ & 君を愛したひとりの僕へ「Original Soundtracks」\06. 道 ～気づき～ (映画「僕が愛したすべての君へ」).flac,not-found,
[20221007] 僕が愛したすべての君へ & 君を愛したひとりの僕へ「Original Soundtracks」\07. 考察 (映画「僕が愛したすべての君へ」).flac,not-found,
[20221007] 僕が愛したすべての君へ & 君を愛したひとりの僕へ「Original Soundtracks」\08. 初恋の入り口 (映画「僕が愛したすべての君へ」).flac,not-found,
[20221007] 僕が愛したすべての君へ & 君を愛したひとりの僕へ「Original Soundtracks」\09. 恋の途中 (映画「僕が愛したすべての君へ」).flac,not-found,
[20221007] 僕が愛したすべての君へ & 君を愛したひとりの僕へ「Original Soundtracks」\10. 新たな始まり (映画「僕が愛したすべての君へ」).flac,not-found,
[20221007] 僕が愛したすべての君へ & 君を愛したひとりの僕へ「Original Soundtracks」\11. 変化 ～学校生活～ (映画「僕が愛したすべての君へ」).flac,not-found,
[20221007] 僕が愛したすべての君へ & 君を愛したひとりの僕へ「Original Soundtracks」\12. 変化～その後～ (映画「僕が愛したすべての君へ」).flac,not-found,
[20221007] 僕が愛したすべての君へ & 君を愛したひとりの僕へ「Original Soundtracks」\13. 結ばれる世界 (映画「僕が愛したすべての君へ」).flac,not-found,
[20221007] 僕が愛したすべての君へ & 君を愛したひとりの僕へ「Original Soundtracks」\14. 勃発 (映画「僕が愛したすべての君へ」).flac,not-found,
[20221007] 僕が愛したすべての君へ & 君を愛したひとりの僕へ「Original Soundtracks」\15. 追走 (映画「僕が愛したすべての君へ」).flac,not-found,
[20221007] 僕が愛したすべての君へ & 君を愛したひとりの僕へ「Original Soundtracks」\16. 理想と現実 ～0の世界とは～ (映画「僕が愛したすべての君へ」).flac,not-found,
[20221007] 僕が愛したすべての君へ & 君を愛したひとりの僕へ「Original Soundtracks」\17. 道 ～それぞれの愛～ (映画「僕が愛したすべての君へ」).flac,not-found,
[20221007] 僕が愛したすべての君へ & 君を愛したひとりの僕へ「Original Soundtracks」\18. 道 ～和音からの手紙～ (映画「僕が愛したすべての君へ」).flac,not-found,
[20221007] 僕が愛したすべての君へ & 君を愛したひとりの僕へ「Original Soundtracks」\19. 道 ～待ち合わせ～ (映画「僕が愛したすべての君へ」).flac,not-found,
[20221007] 僕が愛したすべての君へ & 君を愛したひとりの僕へ「Original Soundtracks」\20. 栞のテーマ (映画「僕が愛したすべての君へ」).flac,not-found,
[20221007] 僕が愛したすべての君へ & 君を愛したひとりの僕へ「Original Soundtracks」\21. 「僕愛」エピローグ ～すべての君へ～ (映画「君を愛したひとりの僕へ」).flac,not-found,
[20221007] 僕が愛したすべての君へ & 君を愛したひとりの僕へ「Original Soundtracks」\22. 「君愛」プロローグ (映画「君を愛したひとりの僕へ」).flac,not-found,
[20221007] 僕が愛したすべての君へ & 君を愛したひとりの僕へ「Original Soundtracks」\23. 最初の選択 (映画「君を愛したひとりの僕へ」).flac,not-found,
[20221007] 僕が愛したすべての君へ & 君を愛したひとりの僕へ「Original Soundtracks」\24. 分かれ道 (映画「君を愛したひとりの僕へ」).flac,not-found,
[20221007] 僕が愛したすべての君へ & 君を愛したひとりの僕へ「Original Soundtracks」\25. 栞との出会い (映画「君を愛したひとりの僕へ」).flac,not-found,
[20221007] 僕が愛したすべての君へ & 君を愛したひとりの僕へ「Original Soundtracks」\26. パラレルシフト (映画「君を愛したひとりの僕へ」).flac,not-found,
[20221007] 僕が愛したすべての君へ & 君を愛したひとりの僕へ「Original Soundtracks」\27. 祖父との別れ (映画「君を愛したひとりの僕へ」).flac,not-found,
[20221007] 僕が愛したすべての君へ & 君を愛したひとりの僕へ「Original Soundtracks」\28. 悲しみの先に (映画「君を愛したひとりの僕へ」).flac,not-found,
[20221007] 僕が愛したすべての君へ & 君を愛したひとりの僕へ「Original Soundtracks」\29. 夏の冒険 (映画「君を愛したひとりの僕へ」).flac,not-found,
[20221007] 僕が愛したすべての君へ & 君を愛したひとりの僕へ「Original Soundtracks」\30. 冒険心の末に (映画「君を愛したひとりの僕へ」).flac,not-found,
[20221007] 僕が愛したすべての君へ & 君を愛したひとりの僕へ「Original Soundtracks」\31. ふたりの希望 (映画「君を愛したひとりの僕へ」).flac,not-found,
[20221007] 僕が愛したすべての君へ & 君を愛したひとりの僕へ「Original Soundtracks」\32. ふたりの行く末 (映画「君を愛したひとりの僕へ」).flac,not-found,
[20221007] 僕が愛したすべての君へ & 君を愛したひとりの僕へ「Original Soundtracks」\33. 緊急事態 (映画「君を愛したひとりの僕へ」).flac,not-found,
[20221007] 僕が愛したすべての君へ & 君を愛したひとりの僕へ「Original Soundtracks」\34. 茫然 (映画「君を愛したひとりの僕へ」).flac,not-found,
[20221007] 僕が愛したすべての君へ & 君を愛したひとりの僕へ「Original Soundtracks」\35. 行き場のない悲しみ (映画「君を愛したひとりの僕へ」).flac,not-found,
[20221007] 僕が愛したすべての君へ & 君を愛したひとりの僕へ「Original Soundtracks」\36. 未来への決意 (映画「君を愛したひとりの僕へ」).flac,not-found,
[20221007] 僕が愛したすべての君へ & 君を愛したひとりの僕へ「Original Soundtracks」\37. 現実か夢か (映画「君を愛したひとりの僕へ」).flac,not-found,
5 Centimeters Per Second Soundtracks\Kanae's Feelings.flac,not-found,
5 Centimeters Per Second Soundtracks\END THEME.flac,not-found,
5 Centimeters Per Second Soundtracks\Memories of Those Distant Days.flac,not-found,
5 Centimeters Per Second Soundtracks\Cherry Blossom.flac,not-found,
5 Centimeters Per Second Soundtracks\Impatience.flac,not-found,
5 Centimeters Per Second Soundtracks\Poem of the Sky and Sea.flac,not-found,
5 Centimeters Per Second Soundtracks\Kiss.flac,not-found,
5 Centimeters Per Second Soundtracks\Snow Covered Station.flac,not-found,
"5 Centimeters Per Second Soundtracks\One more time, One more chance PIANO ver.flac",not-found,
5 Centimeters Per Second Soundtracks\The Dream.flac,not-found,
5 Centimeters Per Second Soundtracks\Unanswered Feelings.flac,not-found,
[20221007] 僕が愛したすべての君へ & 君を愛したひとりの僕へ「Original Soundtracks」\01. ふたりの空間 (映画「僕が愛したすべての君へ」.flac,not-found,
[20221007] 僕が愛したすべての君へ & 君を愛したひとりの僕へ「Original Soundtracks」\03. 道 ～はじまり～ (映画「僕が愛したすべての君へ」).flac,not-found,
[20221007] 僕が愛したすべての君へ & 君を愛したひとりの僕へ「Original Soundtracks」\02. 「僕愛」オープニングテーマ (映画「僕が愛したすべての君へ」).flac,not-found,
[20221007] 僕が愛したすべての君へ & 君を愛したひとりの僕へ「Original Soundtracks」\05. 優しさの種類 (映画「僕が愛したすべての君へ」).flac,not-found,
[20221007] 僕が愛したすべての君へ & 君を愛したひとりの僕へ「Original Soundtracks」\06. 道 ～気づき～ (映画「僕が愛したすべての君へ」).flac,not-found,
[20221007] 僕が愛したすべての君へ & 君を愛したひとりの僕へ「Original Soundtracks」\04. 出会い (映画「僕が愛したすべての君へ」).flac,not-found,
[20221007] 僕が愛したすべての君へ & 君を愛したひとりの僕へ「Original Soundtracks」\07. 考察 (映画「僕が愛したすべての君へ」).flac,not-found,
[20221007] 僕が愛したすべての君へ & 君を愛したひとりの僕へ「Original Soundtracks」\09. 恋の途中 (映画「僕が愛したすべての君へ」).flac,not-found,
[20221007] 僕が愛したすべての君へ & 君を愛したひとりの僕へ「Original Soundtracks」\08. 初恋の入り口 (映画「僕が愛したすべての君へ」).flac,not-found,
[20221007] 僕が愛したすべての君へ & 君を愛したひとりの僕へ「Original Soundtracks」\10. 新たな始まり (映画「僕が愛したすべての君へ」).flac,not-found,
[20221007] 僕が愛したすべての君へ & 君を愛したひとりの僕へ「Original Soundtracks」\12. 変化～その後～ (映画「僕が愛したすべての君へ」).flac,not-found,
[20221007] 僕が愛したすべての君へ & 君を愛したひとりの僕へ「Original Soundtracks」\13. 結ばれる世界 (映画「僕が愛したすべての君へ」).flac,not-found,
[20221007] 僕が愛したすべての君へ & 君を愛したひとりの僕へ「Original Soundtracks」\11. 変化 ～学校生活～ (映画「僕が愛したすべての君へ」).flac,not-found,
[20221007] 僕が愛したすべての君へ & 君を愛したひとりの僕へ「Original Soundtracks」\14. 勃発 (映画「僕が愛したすべての君へ」).flac,not-found,
[20221007] 僕が愛したすべての君へ & 君を愛したひとりの僕へ「Original Soundtracks」\15. 追走 (映画「僕が愛したすべての君へ」).flac,not-found,
[20221007] 僕が愛したすべての君へ & 君を愛したひとりの僕へ「Original Soundtracks」\16. 理想と現実 ～0の世界とは～ (映画「僕が愛したすべての君へ」).flac,not-found,
[20221007] 僕が愛したすべての君へ & 君を愛したひとりの僕へ「Original Soundtracks」\17. 道 ～それぞれの愛～ (映画「僕が愛したすべての君へ」).flac,not-found,
[20221007] 僕が愛したすべての君へ & 君を愛したひとりの僕へ「Original Soundtracks」\18. 道 ～和音からの手紙～ (映画「僕が愛したすべての君へ」).flac,not-found,
[20221007] 僕が愛したすべての君へ & 君を愛したひとりの僕へ「Original Soundtracks」\19. 道 ～待ち合わせ～ (映画「僕が愛したすべての君へ」).flac,not-found,
[20221007] 僕が愛したすべての君へ & 君を愛したひとりの僕へ「Original Soundtracks」\20. 栞のテーマ (映画「僕が愛したすべての君へ」).flac,not-found,
[20221007] 僕が愛したすべての君へ & 君を愛したひとりの僕へ「Original Soundtracks」\21. 「僕愛」エピローグ ～すべての君へ～ (映画「君を愛したひとりの僕へ」).flac,not-found,
[20221007] 僕が愛したすべての君へ & 君を愛したひとりの僕へ「Original Soundtracks」\23. 最初の選択 (映画「君を愛したひとりの僕へ」).flac,not-found,
[20221007] 僕が愛したすべての君へ & 君を愛したひとりの僕へ「Original Soundtracks」\22. 「君愛」プロローグ (映画「君を愛したひとりの僕へ」).flac,not-found,
[20221007] 僕が愛したすべての君へ & 君を愛したひとりの僕へ「Original Soundtracks」\27. 祖父との別れ (映画「君を愛したひとりの僕へ」).flac,not-found,
[20221007] 僕が愛したすべての君へ & 君を愛したひとりの僕へ「Original Soundtracks」\26. パラレルシフト (映画「君を愛したひとりの僕へ」).flac,not-found,
[20221007] 僕が愛したすべての君へ & 君を愛したひとりの僕へ「Original Soundtracks」\25. 栞との出会い (映画「君を愛したひとりの僕へ」).flac,not-found,
[20221007] 僕が愛したすべての君へ & 君を愛したひとりの僕へ「Original Soundtracks」\24. 分かれ道 (映画「君を愛したひとりの僕へ」).flac,not-found,
[20221007] 僕が愛したすべての君へ & 君を愛したひとりの僕へ「Original Soundtracks」\28. 悲しみの先に (映画「君を愛したひとりの僕へ」).flac,not-found,
[20221007] 僕が愛したすべての君へ & 君を愛したひとりの僕へ「Original Soundtracks」\29. 夏の冒険 (映画「君を愛したひとりの僕へ」).flac,not-found,
[20221007] 僕が愛したすべての君へ & 君を愛したひとりの僕へ「Original Soundtracks」\31. ふたりの希望 (映画「君を愛したひとりの僕へ」).flac,not-found,
[20221007] 僕が愛したすべての君へ & 君を愛したひとりの僕へ「Original Soundtracks」\33. 緊急事態 (映画「君を愛したひとりの僕へ」).flac,not-found,
[20221007] 僕が愛したすべての君へ & 君を愛したひとりの僕へ「Original Soundtracks」\30. 冒険心の末に (映画「君を愛したひとりの僕へ」).flac,not-found,
[20221007] 僕が愛したすべての君へ & 君を愛したひとりの僕へ「Original Soundtracks」\32. ふたりの行く末 (映画「君を愛したひとりの僕へ」).flac,not-found,
[20221007] 僕が愛したすべての君へ & 君を愛したひとりの僕へ「Original Soundtracks」\35. 行き場のない悲しみ (映画「君を愛したひとりの僕へ」).flac,not-found,
[20221007] 僕が愛したすべての君へ & 君を愛したひとりの僕へ「Original Soundtracks」\34. 茫然 (映画「君を愛したひとりの僕へ」).flac,not-found,
[20221007] 僕が愛したすべての君へ & 君を愛したひとりの僕へ「Original Soundtracks」\38. 希望の喪失 (映画「君を愛したひとりの僕へ」).flac,not-found,
[20221007] 僕が愛したすべての君へ & 君を愛したひとりの僕へ「Original Soundtracks」\36. 未来への決意 (映画「君を愛したひとりの僕へ」).flac,not-found,
[20221007] 僕が愛したすべての君へ & 君を愛したひとりの僕へ「Original Soundtracks」\39. 同級生 (映画「君を愛したひとりの僕へ」).flac,not-found,
[20221007] 僕が愛したすべての君へ & 君を愛したひとりの僕へ「Original Soundtracks」\37. 現実か夢か (映画「君を愛したひとりの僕へ」).flac,not-found,
[20221007] 僕が愛したすべての君へ & 君を愛したひとりの僕へ「Original Soundtracks」\40. 共犯者 (映画「君を愛したひとりの僕へ」).flac,not-found,
[20221007] 僕が愛したすべての君へ & 君を愛したひとりの僕へ「Original Soundtracks」\41. ふたりの想い (映画「君を愛したひとりの僕へ」).flac,not-found,
[20221007] 僕が愛したすべての君へ & 君を愛したひとりの僕へ「Original Soundtracks」\43. 喜怒哀楽 (映画「君を愛したひとりの僕へ」).flac,not-found,
[20221007] 僕が愛したすべての君へ & 君を愛したひとりの僕へ「Original Soundtracks」\42. 日常の回想 (映画「君を愛したひとりの僕へ」).flac,not-found,
[20221007] 僕が愛したすべての君へ & 君を愛したひとりの僕へ「Original Soundtracks」\45. 和音の切なさ (映画「君を愛したひとりの僕へ」).flac,not-found,
[20221007] 僕が愛したすべての君へ & 君を愛したひとりの僕へ「Original Soundtracks」\44. 暦の覚悟と決意 (映画「君を愛したひとりの僕へ」).flac,not-found,
[20221007] 僕が愛したすべての君へ & 君を愛したひとりの僕へ「Original Soundtracks」\47. 「君愛」エピローグ ～再会～ (映画「君を愛したひとりの僕へ」).flac,not-found,
[20221007] 僕が愛したすべての君へ & 君を愛したひとりの僕へ「Original Soundtracks」\46. 約束 (映画「君を愛したひとりの僕へ」).flac,not-found,
A Condition Called Love Original Soundtrack (Complete Edition)\A Maiden's Passion.flac,not-found,
[Anime-Flac] RADWIMPS - Your Name (flac+cue+log+png)\UPCH-20423.flac,not-found,
A Condition Called Love Original Soundtrack (Complete Edition)\Escort.flac,not-found,
A Condition Called Love Original Soundtrack (Complete Edition)\Can the Two of Us Stay Like This a Little Longer.flac,not-found,
A Condition Called Love Original Soundtrack (Complete Edition)\An Older Friend.flac,not-found,
A Condition Called Love Original Soundtrack (Complete Edition)\Food Tastes Better Together.flac,not-found,
A Condition Called Love Original Soundtrack (Complete Edition)\Can You Pretend You Didn't Hear That.flac,not-found,
A Condition Called Love Original Soundtrack (Complete Edition)\Group Date.flac,not-found,
A Condition Called Love Original Soundtrack (Complete Edition)\Found It!.flac,not-found,
A Condition Called Love Original Soundtrack (Complete Edition)\Hananoi-kun.flac,not-found,
A Condition Called Love Original Soundtrack (Complete Edition)\Hotaru.flac,not-found,
A Condition Called Love Original Soundtrack (Complete Edition)\Hananoi-kun's True Nature.flac,not-found,
A Condition Called Love Original Soundtrack (Complete Edition)\I Can't Believe This Love Might Come True.flac,not-found,
A Condition Called Love Original Soundtrack (Complete Edition)\I Didn't Know (Love).flac,not-found,
A Condition Called Love Original Soundtrack (Complete Edition)\I Can't Catch Up.flac,not-found,
A Condition Called Love Original Soundtrack (Complete Edition)\I Don't Know.flac,not-found,
A Condition Called Love Original Soundtrack (Complete Edition)\I Tried My Best.flac,not-found,
A Condition Called Love Original Soundtrack (Complete Edition)\I Thought It Would Make You Smile.flac,not-found,
A Condition Called Love Original Soundtrack (Complete Edition)\I Want to Know More.flac,not-found,
A Condition Called Love Original Soundtrack (Complete Edition)\I Want to Become Someone Special to You.flac,not-found,
A Condition Called Love Original Soundtrack (Complete Edition)\It Ended Before It Even Began.flac,not-found,
A Condition Called Love Original Soundtrack (Complete Edition)\I Want to Settle This Peacefully.flac,not-found,
A Condition Called Love Original Soundtrack (Complete Edition)\I Want to Punish Myself.flac,not-found,
A Condition Called Love Original Soundtrack (Complete Edition)\It Wasn't That Easy!.flac,not-found,
A Condition Called Love Original Soundtrack (Complete Edition)\Little by Little.flac,not-found,
A Condition Called Love Original Soundtrack (Complete Edition)\It's a Nice Kind of Trouble.flac,not-found,
A Condition Called Love Original Soundtrack (Complete Edition)\Main Theme ~ Overflowing Feelings ~.flac,not-found,
A Condition Called Love Original Soundtrack (Complete Edition)\Main Theme ~ Closing Distance ~.flac,not-found,
A Condition Called Love Original Soundtrack (Complete Edition)\Main Theme ~ First Kiss ~.flac,not-found,
A Condition Called Love Original Soundtrack (Complete Edition)\Main Theme ~ The Beginning of Love ~.flac,not-found,
A Condition Called Love Original Soundtrack (Complete Edition)\Just Introducing Me Is Enough.flac,not-found,
A Condition Called Love Original Soundtrack (Complete Edition)\Passing Each Other By.flac,not-found,
A Condition Called Love Original Soundtrack (Complete Edition)\Restless.flac,not-found,
A Condition Called Love Original Soundtrack (Complete Edition)\School Life.flac,not-found,
A Condition Called Love Original Soundtrack (Complete Edition)\On the School Rooftop.flac,not-found,
A Condition Called Love Original Soundtrack (Complete Edition)\Starting Today.flac,not-found,
A Condition Called Love Original Soundtrack (Complete Edition)\That Is Love.flac,not-found,
"A Condition Called Love Original Soundtrack (Complete Edition)\No, You Can't.flac",not-found,
A Condition Called Love Original Soundtrack (Complete Edition)\That Is Love - Sax Version -.flac,not-found,
A Condition Called Love Original Soundtrack (Complete Edition)\The Love Story of Two People ~ Acoustic Guitar Ver. ~.flac,not-found,
A Condition Called Love Original Soundtrack (Complete Edition)\Youth Day.flac,not-found,
A Condition Called Love Original Soundtrack (Complete Edition)\The Warmth of Family.flac,not-found,
A Condition Called Love Original Soundtrack (Complete Edition)\The First Time We Held Hands.flac,not-found,
A Condition Called Love Original Soundtrack (Complete Edition)\Why Would You Say That.flac,not-found,
A Condition Called Love Original Soundtrack (Complete Edition)\The Love Story of Two People.flac,not-found,
A Place Further than the Universe Original Soundtrack\Ah.flac,not-found,
A Place Further than the Universe Original Soundtrack\A Cheer from Adults.flac,not-found,
A Place Further than the Universe Original Soundtrack\A Promise with My Best Friend.flac,not-found,
A Place Further than the Universe Original Soundtrack\All Alone.flac,not-found,
A Place Further than the Universe Original Soundtrack\A Relaxed Afternoon.flac,not-found,
A Place Further than the Universe Original Soundtrack\A Lost Life.flac,not-found,
A Place Further than the Universe Original Soundtrack\A Quick Breather.flac,not-found,
"A Place Further than the Universe Original Soundtrack\Alright, Shall We Begin!.flac",not-found,
A Place Further than the Universe Original Soundtrack\Antarctic Girls.flac,not-found,
A Place Further than the Universe Original Soundtrack\Antarctic Sun.flac,not-found,
A Place Further than the Universe Original Soundtrack\Bon Voyage! ~Main Theme~.flac,not-found,
A Place Further than the Universe Original Soundtrack\Because There's Something I Need to Confirm.flac,not-found,
A Place Further than the Universe Original Soundtrack\By the Rest-Area Vending Machine.flac,not-found,
A Place Further than the Universe Original Soundtrack\Falling Out.flac,not-found,
A Place Further than the Universe Original Soundtrack\Friend.flac,not-found,
A Place Further than the Universe Original Soundtrack\Chains Wrapped Around the Heart.flac,not-found,
A Place Further than the Universe Original Soundtrack\Feelings That Can No Longer Reach You.flac,not-found,
A Place Further than the Universe Original Soundtrack\Emergency.flac,not-found,
"A Place Further than the Universe Original Soundtrack\From Here, From Here ~Acoustic Version~.flac",not-found,
A Place Further than the Universe Original Soundtrack\Hold on a Second!.flac,not-found,
A Place Further than the Universe Original Soundtrack\I Won't Give Up Until the End.flac,not-found,
A Place Further than the Universe Original Soundtrack\Hearts in Sync.flac,not-found,
A Place Further than the Universe Original Soundtrack\I'll Never Forget.flac,not-found,
A Place Further than the Universe Original Soundtrack\I'm Seriously Gonna Die.flac,not-found,
A Place Further than the Universe Original Soundtrack\Memories.flac,not-found,
A Place Further than the Universe Original Soundtrack\Morning Has Come.flac,not-found,
A Place Further than the Universe Original Soundtrack\Memento.flac,not-found,
"A Place Further than the Universe Original Soundtrack\It'll Work Out Somehow, Right.flac",not-found,
A Place Further than the Universe Original Soundtrack\Mission Underway.flac,not-found,
"A Place Further than the Universe Original Soundtrack\Nice Weather, Isn't It.flac",not-found,
A Place Further than the Universe Original Soundtrack\Premonition.flac,not-found,
A Place Further than the Universe Original Soundtrack\Overflowing Feelings.flac,not-found,
"A Place Further than the Universe Original Soundtrack\No Way, No Way, No Way!.flac",not-found,
A Place Further than the Universe Original Soundtrack\So Creepy.flac,not-found,
A Place Further than the Universe Original Soundtrack\Street-Corner Meeting.flac,not-found,
A Place Further than the Universe Original Soundtrack\Situation Briefing.flac,not-found,
A Place Further than the Universe Original Soundtrack\The Girls Are Alright! ~Piano Version~.flac,not-found,
A Place Further than the Universe Original Soundtrack\The Answer I Found.flac,not-found,
A Place Further than the Universe Original Soundtrack\That's Why!.flac,not-found,
A Place Further than the Universe Original Soundtrack\The Beginning of Youth.flac,not-found,
A Place Further than the Universe Original Soundtrack\The Image of a Departed Best Friend.flac,not-found,
"A Place Further than the Universe Original Soundtrack\W-Wait, Wait, Wait!.flac",not-found,
A Place Further than the Universe Original Soundtrack\Unforgettable Memories.flac,not-found,
A Place Further than the Universe Original Soundtrack\The Road Home at Dusk.flac,not-found,
A Place Further than the Universe Original Soundtrack\Um... Huh.flac,not-found,
A Place Further than the Universe Original Soundtrack\We Will Definitely Go to Antarctica.flac,not-found,
A SIGN OF AFFECTION ORIGINAL SOUNDTRACK (complete ver.)\A thorn in one's side.flac,not-found,
A SIGN OF AFFECTION ORIGINAL SOUNDTRACK (complete ver.)\[Du bist suess].flac,not-found,
A SIGN OF AFFECTION ORIGINAL SOUNDTRACK (complete ver.)\A Break in the Clouds.flac,not-found,
"A Place Further than the Universe Original Soundtrack\You're Not Hiding Anything, Right.flac",not-found,
A SIGN OF AFFECTION ORIGINAL SOUNDTRACK (complete ver.)\A Sign of Affection.flac,not-found,
A SIGN OF AFFECTION ORIGINAL SOUNDTRACK (complete ver.)\Around the world.flac,not-found,
A SIGN OF AFFECTION ORIGINAL SOUNDTRACK (complete ver.)\Anxiety.flac,not-found,
A SIGN OF AFFECTION ORIGINAL SOUNDTRACK (complete ver.)\Changing days.flac,not-found,
A SIGN OF AFFECTION ORIGINAL SOUNDTRACK (complete ver.)\Beyond the badge.flac,not-found,
A SIGN OF AFFECTION ORIGINAL SOUNDTRACK (complete ver.)\Bittersweet.flac,not-found,
A SIGN OF AFFECTION ORIGINAL SOUNDTRACK (complete ver.)\Conversation.flac,not-found,
A SIGN OF AFFECTION ORIGINAL SOUNDTRACK (complete ver.)\Crescent.flac,not-found,
A SIGN OF AFFECTION ORIGINAL SOUNDTRACK (complete ver.)\Crystal.flac,not-found,
A SIGN OF AFFECTION ORIGINAL SOUNDTRACK (complete ver.)\Fingertips.flac,not-found,
A SIGN OF AFFECTION ORIGINAL SOUNDTRACK (complete ver.)\Face to Face.flac,not-found,
A SIGN OF AFFECTION ORIGINAL SOUNDTRACK (complete ver.)\Drivin' my life.flac,not-found,
A SIGN OF AFFECTION ORIGINAL SOUNDTRACK (complete ver.)\Frontier journeys.flac,not-found,
A SIGN OF AFFECTION ORIGINAL SOUNDTRACK (complete ver.)\For the First Time.flac,not-found,
A SIGN OF AFFECTION ORIGINAL SOUNDTRACK (complete ver.)\Hands Touching.flac,not-found,
A SIGN OF AFFECTION ORIGINAL SOUNDTRACK (complete ver.)\Crystals.flac,not-found,
A SIGN OF AFFECTION ORIGINAL SOUNDTRACK (complete ver.)\Hesitation.flac,not-found,
A SIGN OF AFFECTION ORIGINAL SOUNDTRACK (complete ver.)\I cherish you.flac,not-found,
A SIGN OF AFFECTION ORIGINAL SOUNDTRACK (complete ver.)\Judgement's call.flac,not-found,
A SIGN OF AFFECTION ORIGINAL SOUNDTRACK (complete ver.)\Intersection of Worlds.flac,not-found,
A SIGN OF AFFECTION ORIGINAL SOUNDTRACK (complete ver.)\Journeying from the past to the future.flac,not-found,
A SIGN OF AFFECTION ORIGINAL SOUNDTRACK (complete ver.)\Let Me Into Your Snowy World.flac,not-found,
A SIGN OF AFFECTION ORIGINAL SOUNDTRACK (complete ver.)\It's Fine.flac,not-found,
A SIGN OF AFFECTION ORIGINAL SOUNDTRACK (complete ver.)\Light.flac,not-found,
A SIGN OF AFFECTION ORIGINAL SOUNDTRACK (complete ver.)\Little Flower.flac,not-found,
A SIGN OF AFFECTION ORIGINAL SOUNDTRACK (complete ver.)\I Don't Know.flac,not-found,
A SIGN OF AFFECTION ORIGINAL SOUNDTRACK (complete ver.)\Monochrome echoes.flac,not-found,
A SIGN OF AFFECTION ORIGINAL SOUNDTRACK (complete ver.)\Nocturne.flac,not-found,
A SIGN OF AFFECTION ORIGINAL SOUNDTRACK (complete ver.)\Nothing in Particular.flac,not-found,
A SIGN OF AFFECTION ORIGINAL SOUNDTRACK (complete ver.)\Love Talk.flac,not-found,
A SIGN OF AFFECTION ORIGINAL SOUNDTRACK (complete ver.)\Notice me now.flac,not-found,
A SIGN OF AFFECTION ORIGINAL SOUNDTRACK (complete ver.)\Nowhere else to go.flac,not-found,
A SIGN OF AFFECTION ORIGINAL SOUNDTRACK (complete ver.)\Raindrops.flac,not-found,
A SIGN OF AFFECTION ORIGINAL SOUNDTRACK (complete ver.)\On my way home.flac,not-found,
A SIGN OF AFFECTION ORIGINAL SOUNDTRACK (complete ver.)\Riding into the sunset.flac,not-found,
A SIGN OF AFFECTION ORIGINAL SOUNDTRACK (complete ver.)\Pure happiness.flac,not-found,
A SIGN OF AFFECTION ORIGINAL SOUNDTRACK (complete ver.)\Quiet.flac,not-found,
A SIGN OF AFFECTION ORIGINAL SOUNDTRACK (complete ver.)\Sense of Distance.flac,not-found,
A SIGN OF AFFECTION ORIGINAL SOUNDTRACK (complete ver.)\Rin.flac,not-found,
A SIGN OF AFFECTION ORIGINAL SOUNDTRACK (complete ver.)\Snowflakes.flac,not-found,
A SIGN OF AFFECTION ORIGINAL SOUNDTRACK (complete ver.)\Snowy Day.flac,not-found,
A SIGN OF AFFECTION ORIGINAL SOUNDTRACK (complete ver.)\Silence.flac,not-found,
A SIGN OF AFFECTION ORIGINAL SOUNDTRACK (complete ver.)\Suddenly.flac,not-found,
A SIGN OF AFFECTION ORIGINAL SOUNDTRACK (complete ver.)\Swaying Echoes.flac,not-found,
A SIGN OF AFFECTION ORIGINAL SOUNDTRACK (complete ver.)\Sprout of Reflection.flac,not-found,
A SIGN OF AFFECTION ORIGINAL SOUNDTRACK (complete ver.)\The addictive pulse.flac,not-found,
A SIGN OF AFFECTION ORIGINAL SOUNDTRACK (complete ver.)\Theme of ROCKIN' ROBIN.flac,not-found,
A SIGN OF AFFECTION ORIGINAL SOUNDTRACK (complete ver.)\The Drunk Appears.flac,not-found,
A SIGN OF AFFECTION ORIGINAL SOUNDTRACK (complete ver.)\There Is No Answer.flac,not-found,
A SIGN OF AFFECTION ORIGINAL SOUNDTRACK (complete ver.)\Time.flac,not-found,
A SIGN OF AFFECTION ORIGINAL SOUNDTRACK (complete ver.)\The Bell Rings.flac,not-found,
A SIGN OF AFFECTION ORIGINAL SOUNDTRACK (complete ver.)\True feelings.flac,not-found,
A SIGN OF AFFECTION ORIGINAL SOUNDTRACK (complete ver.)\Step by Step.flac,not-found,
A SIGN OF AFFECTION ORIGINAL SOUNDTRACK (complete ver.)\Why Don't We Start Dating.flac,not-found,
A SIGN OF AFFECTION ORIGINAL SOUNDTRACK (complete ver.)\Why.flac,not-found,
A SIGN OF AFFECTION ORIGINAL SOUNDTRACK (complete ver.)\Two hearts as one.flac,not-found,
A SIGN OF AFFECTION ORIGINAL SOUNDTRACK (complete ver.)\Wonder.flac,not-found,
A SIGN OF AFFECTION ORIGINAL SOUNDTRACK (complete ver.)\Uneasy.flac,not-found,
A SIGN OF AFFECTION ORIGINAL SOUNDTRACK (complete ver.)\What Should I Do.flac,not-found,
A Silent Voice The Movie Original Soundtrack - A Shape of Light [Shape A]\Disc 1\acc.flac,not-found,
A Silent Voice The Movie Original Soundtrack - A Shape of Light [Shape A]\Disc 1\bll.flac,not-found,
A SIGN OF AFFECTION ORIGINAL SOUNDTRACK (complete ver.)\Wrapped in Warmth.flac,not-found,
A Silent Voice The Movie Original Soundtrack - A Shape of Light [Shape A]\Disc 1\btf.flac,not-found,
A Silent Voice The Movie Original Soundtrack - A Shape of Light [Shape A]\Disc 1\aft.flac,not-found,
A Silent Voice The Movie Original Soundtrack - A Shape of Light [Shape A]\Disc 1\flw.flac,not-found,
A Silent Voice The Movie Original Soundtrack - A Shape of Light [Shape A]\Disc 1\flt.flac,not-found,
A Silent Voice The Movie Original Soundtrack - A Shape of Light [Shape A]\Disc 1\frc.flac,not-found,
A Silent Voice The Movie Original Soundtrack - A Shape of Light [Shape A]\Disc 1\bnw.flac,not-found,
A Silent Voice The Movie Original Soundtrack - A Shape of Light [Shape A]\Disc 1\htb.flac,not-found,
A Silent Voice The Movie Original Soundtrack - A Shape of Light [Shape A]\Disc 1\inv (I. i).flac,not-found,
A Silent Voice The Movie Original Soundtrack - A Shape of Light [Shape A]\Disc 1\inv (I. ii).flac,not-found,
A Silent Voice The Movie Original Soundtrack - A Shape of Light [Shape A]\Disc 1\inv (I. iii).flac,not-found,
A Silent Voice The Movie Original Soundtrack - A Shape of Light [Shape A]\Disc 1\inv (II. i).flac,not-found,
A SIGN OF AFFECTION ORIGINAL SOUNDTRACK (complete ver.)\Your own way.flac,not-found,
A Silent Voice The Movie Original Soundtrack - A Shape of Light [Shape A]\Disc 1\int.flac,not-found,
A Silent Voice The Movie Original Soundtrack - A Shape of Light [Shape A]\Disc 1\inv (II. ii).flac,not-found,
A Silent Voice The Movie Original Soundtrack - A Shape of Light [Shape A]\Disc 1\inv (II. iv).flac,not-found,
A Silent Voice The Movie Original Soundtrack - A Shape of Light [Shape A]\Disc 1\inv (II. v).flac,not-found,
A Silent Voice The Movie Original Soundtrack - A Shape of Light [Shape A]\Disc 1\inv (II. vi).flac,not-found,
A Silent Voice The Movie Original Soundtrack - A Shape of Light [Shape A]\Disc 1\Invention No. 1 C dur (LastPart).flac,not-found,
A Silent Voice The Movie Original Soundtrack - A Shape of Light [Shape A]\Disc 1\lit (var).flac,not-found,
A Silent Voice The Movie Original Soundtrack - A Shape of Light [Shape A]\Disc 1\inv (II. iii).flac,not-found,
A Silent Voice The Movie Original Soundtrack - A Shape of Light [Shape A]\Disc 1\lit.flac,not-found,
A Silent Voice The Movie Original Soundtrack - A Shape of Light [Shape A]\Disc 1\mon.flac,not-found,
A Silent Voice The Movie Original Soundtrack - A Shape of Light [Shape A]\Disc 1\prc.flac,not-found,
A Silent Voice The Movie Original Soundtrack - A Shape of Light [Shape A]\Disc 1\maw.flac,not-found,
A Silent Voice The Movie Original Soundtrack - A Shape of Light [Shape A]\Disc 1\lvs.flac,not-found,
A Silent Voice The Movie Original Soundtrack - A Shape of Light [Shape A]\Disc 1\pst.flac,not-found,
A Silent Voice The Movie Original Soundtrack - A Shape of Light [Shape A]\Disc 1\qut.flac,not-found,
A Silent Voice The Movie Original Soundtrack - A Shape of Light [Shape A]\Disc 1\rev.flac,not-found,
A Silent Voice The Movie Original Soundtrack - A Shape of Light [Shape A]\Disc 1\lvs (var).flac,not-found,
A Silent Voice The Movie Original Soundtrack - A Shape of Light [Shape A]\Disc 1\roh.flac,not-found,
A Silent Voice The Movie Original Soundtrack - A Shape of Light [Shape A]\Disc 1\sig.flac,not-found,
A Silent Voice The Movie Original Soundtrack - A Shape of Light [Shape A]\Disc 1\sus.flac,not-found,
A Silent Voice The Movie Original Soundtrack - A Shape of Light [Shape A]\Disc 1\svg.flac,not-found,
A Silent Voice The Movie Original Soundtrack - A Shape of Light [Shape A]\Disc 1\thn.flac,not-found,
A Silent Voice The Movie Original Soundtrack - A Shape of Light [Shape A]\Disc 1\slt.flac,not-found,
A Silent Voice The Movie Original Soundtrack - A Shape of Light [Shape A]\Disc 1\van (var).flac,not-found,
A Silent Voice The Movie Original Soundtrack - A Shape of Light [Shape A]\Disc 2\black and white.flac,not-found,
A Silent Voice The Movie Original Soundtrack - A Shape of Light [Shape A]\Disc 1\van.flac,not-found,
A Silent Voice The Movie Original Soundtrack - A Shape of Light [Shape A]\Disc 2\flare.flac,not-found,
A Silent Voice The Movie Original Soundtrack - A Shape of Light [Shape A]\Disc 1\tre.flac,not-found,
A Silent Voice The Movie Original Soundtrack - A Shape of Light [Shape A]\Disc 2\heart beat.flac,not-found,
A Silent Voice The Movie Original Soundtrack - A Shape of Light [Shape A]\Disc 2\fractal.flac,not-found,
A Silent Voice The Movie Original Soundtrack - A Shape of Light [Shape A]\Disc 2\green.flac,not-found,
A Silent Voice The Movie Original Soundtrack - A Shape of Light [Shape A]\Disc 2\is your hair real.flac,not-found,
A Silent Voice The Movie Original Soundtrack - A Shape of Light [Shape A]\Disc 2\into the sparkle.flac,not-found,
A Silent Voice The Movie Original Soundtrack - A Shape of Light [Shape A]\Disc 2\blue blur.flac,not-found,
A Silent Voice The Movie Original Soundtrack - A Shape of Light [Shape A]\Disc 2\laser.flac,not-found,
A Silent Voice The Movie Original Soundtrack - A Shape of Light [Shape A]\Disc 2\narrow road.flac,not-found,
A Silent Voice The Movie Original Soundtrack - A Shape of Light [Shape A]\Disc 2\round.flac,not-found,
A Silent Voice The Movie Original Soundtrack - A Shape of Light [Shape A]\Disc 2\speed of youth.flac,not-found,
A Silent Voice The Movie Original Soundtrack - A Shape of Light [Shape A]\Disc 2\no one here.flac,not-found,
A Silent Voice The Movie Original Soundtrack - A Shape of Light [Shape A]\Disc 2\sunlight.flac,not-found,
A Silent Voice The Movie Original Soundtrack - A Shape of Light [Shape A]\Disc 2\night lights.flac,not-found,
A Silent Voice The Movie Original Soundtrack - A Shape of Light [Shape A]\Disc 2\sketch no. 19.flac,not-found,
A Silent Voice The Movie Original Soundtrack - A Shape of Light [Shape A]\Disc 2\sustain.flac,not-found,
A Silent Voice The Movie Original Soundtrack - A Shape of Light [Shape A]\Disc 2\Machine Echo.flac,not-found,
A Silent Voice The Movie Original Soundtrack - A Shape of Light [Shape A]\Disc 2\vignette.flac,not-found,
A Silent Voice The Movie Original Soundtrack - A Shape of Light [Shape A]\Disc 2\welcome to the park.flac,not-found,
A Silent Voice The Movie Original Soundtrack - A Shape of Light [Shape A]\Disc 2\your silent portrait.flac,not-found,
A Star Brighter Than the Sun Original Soundtrack\A Little Happiness.flac,not-found,
A Star Brighter Than the Sun Original Soundtrack\Bounce and Sway.flac,not-found,
A Star Brighter Than the Sun Original Soundtrack\A Star Brighter Than the Sun.flac,not-found,
A Star Brighter Than the Sun Original Soundtrack\Blushing.flac,not-found,
A Star Brighter Than the Sun Original Soundtrack\A Star Brighter Than the Sun - Monologue -.flac,not-found,
A Star Brighter Than the Sun Original Soundtrack\I Want to See You Smile.flac,not-found,
A Star Brighter Than the Sun Original Soundtrack\For Ten Years.flac,not-found,
A Star Brighter Than the Sun Original Soundtrack\He Really Was Cool.flac,not-found,
A Star Brighter Than the Sun Original Soundtrack\I Hope Things Go Well with the Person You Like.flac,not-found,
A Star Brighter Than the Sun Original Soundtrack\Everyone's So Slender and Small.flac,not-found,
A Star Brighter Than the Sun Original Soundtrack\It Must Be Love at First Sight.flac,not-found,
A Star Brighter Than the Sun Original Soundtrack\Just the Two of Us.flac,not-found,
A Star Brighter Than the Sun Original Soundtrack\Let's Challenge an Impossible Love.flac,not-found,
A Star Brighter Than the Sun Original Soundtrack\Let's Forget It.flac,not-found,
A Star Brighter Than the Sun Original Soundtrack\Like When Your Favorite Suddenly Gets Popular.flac,not-found,
A Star Brighter Than the Sun Original Soundtrack\Kamijo and I Are Friends.flac,not-found,
"A Star Brighter Than the Sun Original Soundtrack\No Matter How Bright It Is, I Won't Look Away.flac",not-found,
A Star Brighter Than the Sun Original Soundtrack\Strong Girl.flac,not-found,
A Star Brighter Than the Sun Original Soundtrack\Physical Examination.flac,not-found,
A Star Brighter Than the Sun Original Soundtrack\Self-Introduction.flac,not-found,
A Star Brighter Than the Sun Original Soundtrack\Tall Girl.flac,not-found,
A Star Brighter Than the Sun Original Soundtrack\The Boy of My First Love.flac,not-found,
A Star Brighter Than the Sun Original Soundtrack\The Shogi Board.flac,not-found,
A Star Brighter Than the Sun Original Soundtrack\Yay~.flac,not-found,
A Star Brighter Than the Sun Original Soundtrack\We're Gonna Win!.flac,not-found,
A Star Brighter Than the Sun Original Soundtrack\You Mustn't Fall in Love.flac,not-found,
Akebi's Sailor Uniform\Leave It to the Wind [Alt].flac,not-found,
Akebi's Sailor Uniform\hem - After Party Version.flac,not-found,
Akebi's Sailor Uniform\Leave It to the Wind.flac,not-found,
Alya Sometimes Hides Her Feelings in Russian Original Soundtrack\All Alone.flac,not-found,
Alya Sometimes Hides Her Feelings in Russian Original Soundtrack\A Maiden's Heart and Jealousy.flac,not-found,
Alya Sometimes Hides Her Feelings in Russian Original Soundtrack\Break Time.flac,not-found,
Alya Sometimes Hides Her Feelings in Russian Original Soundtrack\Bitter Memories.flac,not-found,
Alya Sometimes Hides Her Feelings in Russian Original Soundtrack\A Dance with You.flac,not-found,
Alya Sometimes Hides Her Feelings in Russian Original Soundtrack\Alya Sometimes Hides Her Feelings in Russian - Reprise.flac,not-found,
Alya Sometimes Hides Her Feelings in Russian Original Soundtrack\Alya Sometimes Hides Her Feelings in Russian - Main Theme.flac,not-found,
Alya Sometimes Hides Her Feelings in Russian Original Soundtrack\Declaration of War.flac,not-found,
Alya Sometimes Hides Her Feelings in Russian Original Soundtrack\Business as Usual.flac,not-found,
Alya Sometimes Hides Her Feelings in Russian Original Soundtrack\Enjoy!.flac,not-found,
Alya Sometimes Hides Her Feelings in Russian Original Soundtrack\Childhood Friend Setup.flac,not-found,
Alya Sometimes Hides Her Feelings in Russian Original Soundtrack\Competitive Spirit.flac,not-found,
Alya Sometimes Hides Her Feelings in Russian Original Soundtrack\By My Own Will.flac,not-found,
Alya Sometimes Hides Her Feelings in Russian Original Soundtrack\Facing Ideals.flac,not-found,
Alya Sometimes Hides Her Feelings in Russian Original Soundtrack\Fearless Smile.flac,not-found,
Alya Sometimes Hides Her Feelings in Russian Original Soundtrack\Friction.flac,not-found,
Alya Sometimes Hides Her Feelings in Russian Original Soundtrack\Feelings Set in Motion.flac,not-found,
Alya Sometimes Hides Her Feelings in Russian Original Soundtrack\Faint Peace.flac,not-found,
Alya Sometimes Hides Her Feelings in Russian Original Soundtrack\Freedom.flac,not-found,
Alya Sometimes Hides Her Feelings in Russian Original Soundtrack\Fun! Fun! Every Day!.flac,not-found,
Alya Sometimes Hides Her Feelings in Russian Original Soundtrack\Full-Power Fashion Show.flac,not-found,
Alya Sometimes Hides Her Feelings in Russian Original Soundtrack\Gentle Gaze.flac,not-found,
Alya Sometimes Hides Her Feelings in Russian Original Soundtrack\Hypersense.flac,not-found,
Alya Sometimes Hides Her Feelings in Russian Original Soundtrack\Gray World.flac,not-found,
Alya Sometimes Hides Her Feelings in Russian Original Soundtrack\I Know That Already!.flac,not-found,
Alya Sometimes Hides Her Feelings in Russian Original Soundtrack\I Hate Losing.flac,not-found,
Alya Sometimes Hides Her Feelings in Russian Original Soundtrack\I Can't Look Away.flac,not-found,
Alya Sometimes Hides Her Feelings in Russian Original Soundtrack\Happening!.flac,not-found,
Alya Sometimes Hides Her Feelings in Russian Original Soundtrack\Mind Games.flac,not-found,
Alya Sometimes Hides Her Feelings in Russian Original Soundtrack\I Won't Tell You.flac,not-found,
Alya Sometimes Hides Her Feelings in Russian Original Soundtrack\New Days.flac,not-found,
Alya Sometimes Hides Her Feelings in Russian Original Soundtrack\Madonna of the Academy.flac,not-found,
Alya Sometimes Hides Her Feelings in Russian Original Soundtrack\Introduction to Hypnosis Anyone Can Do.flac,not-found,
Alya Sometimes Hides Her Feelings in Russian Original Soundtrack\Morning at Seirei Academy.flac,not-found,
Alya Sometimes Hides Her Feelings in Russian Original Soundtrack\Pay Attention to Me Too.flac,not-found,
"Alya Sometimes Hides Her Feelings in Russian Original Soundtrack\Quietly, Stealthily.flac",not-found,
Alya Sometimes Hides Her Feelings in Russian Original Soundtrack\Overflowing Feelings.flac,not-found,
Alya Sometimes Hides Her Feelings in Russian Original Soundtrack\Peaceful School Life.flac,not-found,
Alya Sometimes Hides Her Feelings in Russian Original Soundtrack\Private Seirei Academy.flac,not-found,
Alya Sometimes Hides Her Feelings in Russian Original Soundtrack\Super-Class Maid.flac,not-found,
Alya Sometimes Hides Her Feelings in Russian Original Soundtrack\Thaw.flac,not-found,
Alya Sometimes Hides Her Feelings in Russian Original Soundtrack\So Dazzlingly Straight at Me.flac,not-found,
Alya Sometimes Hides Her Feelings in Russian Original Soundtrack\The Lady Who Is a Flower on a High Peak.flac,not-found,
Alya Sometimes Hides Her Feelings in Russian Original Soundtrack\The Lone Princess.flac,not-found,
Alya Sometimes Hides Her Feelings in Russian Original Soundtrack\The Shockwaves of the Suou Household.flac,not-found,
Alya Sometimes Hides Her Feelings in Russian Original Soundtrack\The Step We Take Together.flac,not-found,
Alya Sometimes Hides Her Feelings in Russian Original Soundtrack\Top Student.flac,not-found,
Alya Sometimes Hides Her Feelings in Russian Original Soundtrack\Those Who Have and Those Who Don't.flac,not-found,
Amadeus.flac,not-found,
"As the Moon, So Beautiful Sound Collection\As the Moon, So Beautiful.flac",not-found,
"As the Moon, So Beautiful Sound Collection\As the Sun Sets and Home Draws Near.flac",not-found,
Alya Sometimes Hides Her Feelings in Russian Original Soundtrack\Unspoken Feelings.flac,not-found,
"As the Moon, So Beautiful Sound Collection\Autumn Leaves.flac",not-found,
"As the Moon, So Beautiful Sound Collection\Caught in the Middle and a Little Jealousy.flac",not-found,
"As the Moon, So Beautiful Sound Collection\A Bad Feeling.flac",not-found,
"As the Moon, So Beautiful Sound Collection\Eyecatch.flac",not-found,
"As the Moon, So Beautiful Sound Collection\Discouraged.flac",not-found,
"As the Moon, So Beautiful Sound Collection\Club Activities.flac",not-found,
"As the Moon, So Beautiful Sound Collection\Explosion.flac",not-found,
"As the Moon, So Beautiful Sound Collection\Excited Feelings.flac",not-found,
"As the Moon, So Beautiful Sound Collection\Confusion.flac",not-found,
"As the Moon, So Beautiful Sound Collection\Girls Dorm Bathhouse Uproar.flac",not-found,
"As the Moon, So Beautiful Sound Collection\Impatience I.flac",not-found,
"As the Moon, So Beautiful Sound Collection\Fragile (TV Edit Ver.).flac",not-found,
"As the Moon, So Beautiful Sound Collection\Gentle Time.flac",not-found,
"As the Moon, So Beautiful Sound Collection\Impatience II.flac",not-found,
"As the Moon, So Beautiful Sound Collection\I Want to Talk More.flac",not-found,
"As the Moon, So Beautiful Sound Collection\Like Mist.flac",not-found,
"As the Moon, So Beautiful Sound Collection\Realization.flac",not-found,
"As the Moon, So Beautiful Sound Collection\Quietly.flac",not-found,
"As the Moon, So Beautiful Sound Collection\Lovers.flac",not-found,
"As the Moon, So Beautiful Sound Collection\Morning of the School Trip.flac",not-found,
"As the Moon, So Beautiful Sound Collection\Resolve.flac",not-found,
"As the Moon, So Beautiful Sound Collection\Spring in Kawagoe, New Buds.flac",not-found,
"As the Moon, So Beautiful Sound Collection\Tears.flac",not-found,
"As the Moon, So Beautiful Sound Collection\The Moon Swaying on the Water.flac",not-found,
"As the Moon, So Beautiful Sound Collection\Ms. Ryoko and Roman.flac",not-found,
"As the Moon, So Beautiful Sound Collection\Toward the Future (TV Edit Ver.).flac",not-found,
"As the Moon, So Beautiful Sound Collection\Summer Festival (TV Edit Ver.).flac",not-found,
"As the Moon, So Beautiful Sound Collection\What Does It Mean to Date.flac",not-found,
Blue Box Original Soundtrack Vol. 1\1 on 1.flac,not-found,
"As the Moon, So Beautiful Sound Collection\Town at Dusk.flac",not-found,
"As the Moon, So Beautiful Sound Collection\You Are Fine Just the Way You Are.flac",not-found,
Blue Box Original Soundtrack Vol. 1\After School.flac,not-found,
Blue Box Original Soundtrack Vol. 1\Blue Box.flac,not-found,
Blue Box Original Soundtrack Vol. 1\Chance to Talk.flac,not-found,
"Blue Box Original Soundtrack Vol. 1\After All, It's Frustrating.flac",not-found,
Blue Box Original Soundtrack Vol. 1\Chinatsu Kano.flac,not-found,
Blue Box Original Soundtrack Vol. 1\Chatter.flac,not-found,
Blue Box Original Soundtrack Vol. 1\Grateful.flac,not-found,
Blue Box Original Soundtrack Vol. 1\Cohabitation.flac,not-found,
Blue Box Original Soundtrack Vol. 1\Head on Game.flac,not-found,
Blue Box Original Soundtrack Vol. 1\Idling.flac,not-found,
Blue Box Original Soundtrack Vol. 1\Flurry.flac,not-found,
Blue Box Original Soundtrack Vol. 1\I Don't Want to Give Up.flac,not-found,
Blue Box Original Soundtrack Vol. 1\Misanga.flac,not-found,
Blue Box Original Soundtrack Vol. 1\Painful Moment.flac,not-found,
Blue Box Original Soundtrack Vol. 1\Self Hatred Time.flac,not-found,
Blue Box Original Soundtrack Vol. 1\Seesaw.flac,not-found,
Blue Box Original Soundtrack Vol. 1\Precious Word.flac,not-found,
Blue Box Original Soundtrack Vol. 1\Overflowing Feelings.flac,not-found,
Blue Box Original Soundtrack Vol. 1\Shade of Love (Instrumental Version).flac,not-found,
Blue Box Original Soundtrack Vol. 1\Someone to Meet First Thing in the Morning.flac,not-found,
Blue Box Original Soundtrack Vol. 1\The Relationship Between the Two.flac,not-found,
Blue Box Original Soundtrack Vol. 1\Too Vulnerable.flac,not-found,
Blue Box Original Soundtrack Vol. 1\Usual Scene.flac,not-found,
Blue Box Original Soundtrack Vol. 1\What Girls' Talk!.flac,not-found,
Blue Box Original Soundtrack Vol. 1\What!.flac,not-found,
Blue Box Original Soundtrack Vol. 1\Words from a Loved One.flac,not-found,
Blue Box Original Soundtrack Vol. 2\Adorable Time.flac,not-found,
Blue Box Original Soundtrack Vol. 1\Youth.flac,not-found,
Blue Box Original Soundtrack Vol. 2\Beginning of Blue.flac,not-found,
Blue Box Original Soundtrack Vol. 2\Beginning of a Crush.flac,not-found,
Blue Box Original Soundtrack Vol. 2\Aquarium.flac,not-found,
Blue Box Original Soundtrack Vol. 2\Another Love.flac,not-found,
Blue Box Original Soundtrack Vol. 2\Cultural Festival.flac,not-found,
Blue Box Original Soundtrack Vol. 2\Cute.flac,not-found,
Blue Box Original Soundtrack Vol. 2\Crazy.flac,not-found,
Blue Box Original Soundtrack Vol. 2\Hard Fight.flac,not-found,
Blue Box Original Soundtrack Vol. 2\Getting Closer.flac,not-found,
Blue Box Original Soundtrack Vol. 2\Extrovert!.flac,not-found,
Blue Box Original Soundtrack Vol. 2\Lively Motion.flac,not-found,
Blue Box Original Soundtrack Vol. 2\Hassle.flac,not-found,
Blue Box Original Soundtrack Vol. 2\Harmonious.flac,not-found,
Blue Box Original Soundtrack Vol. 2\Love Relationship.flac,not-found,
Blue Box Original Soundtrack Vol. 2\Morning Scenery.flac,not-found,
Blue Box Original Soundtrack Vol. 2\Non Negotiable Battle.flac,not-found,
Blue Box Original Soundtrack Vol. 2\Nosey.flac,not-found,
Blue Box Original Soundtrack Vol. 2\Momentary Feeling.flac,not-found,
Blue Box Original Soundtrack Vol. 2\Nostalgic Place.flac,not-found,
Blue Box Original Soundtrack Vol. 2\Shade of Love.flac,created-synced,Takashi Ohmama - 恋色 - Shade of love
Blue Box Original Soundtrack Vol. 2\Our Alone Time.flac,not-found,
Blue Box Original Soundtrack Vol. 2\Shuji Yusa.flac,not-found,
Blue Box Original Soundtrack Vol. 2\Taiki Inomata's Conflict.flac,not-found,
Blue Box Original Soundtrack Vol. 2\Phew.flac,not-found,
Blue Box Original Soundtrack Vol. 2\Tease.flac,not-found,
Blue Box Original Soundtrack Vol. 2\Veterans.flac,not-found,
Blue Orchestra -Premium Classic\Air on the G String (Version for Violin Solo).flac,not-found,
"Blue Orchestra -Premium Classic\Humoresque No. 7 in G-Flat Major, Op. 101 (Arr. Rehfeld for Violin).flac",not-found,
Blue Orchestra -Premium Classic\I. Prelude (Arr. Haginomori for Violin and Piano).flac,not-found,
"Blue Orchestra -Premium Classic\I. Allegro serioso, non troppo.flac",not-found,
Blue Orchestra -Premium Classic\I. Allegro.flac,not-found,
Blue Orchestra -Premium Classic\No. 24 in A Minor.flac,not-found,
Blue Orchestra -Premium Classic\I. Prelude.flac,not-found,
"Blue Orchestra -Premium Classic\Canon in D Major, P. 37-1 (Arr. Haginomori for Violin Solo).flac",not-found,
Blue Orchestra Original Soundtrack\Beyond The Fears.flac,not-found,
Blue Orchestra Original Soundtrack\Bright Days Ahead.flac,not-found,
Blue Orchestra Original Soundtrack\Distant Memory.flac,not-found,
Blue Orchestra -Premium Classic\III. Presto.flac,not-found,
Blue Orchestra Original Soundtrack\Fate.flac,not-found,
Blue Orchestra Original Soundtrack\Epilogue.flac,not-found,
Blue Orchestra Original Soundtrack\Hajime Aono & Ritsuko Akine.flac,not-found,
Blue Orchestra Original Soundtrack\Innocent Blue.flac,not-found,
Blue Orchestra Original Soundtrack\Into The Sounds.flac,not-found,
Blue Orchestra Original Soundtrack\Moonlight Nocturne.flac,not-found,
Blue Orchestra Original Soundtrack\Ordinary Days.flac,not-found,
Blue Orchestra Original Soundtrack\Moonlight Nocturne (Orgel Version).flac,not-found,
Blue Orchestra Original Soundtrack\The Shadows in Between.flac,not-found,
Blue Orchestra Original Soundtrack\Sparkle.flac,not-found,
Blue Orchestra Original Soundtrack\Sinking in Sorrow.flac,not-found,
Blue Spring Ride Original Soundtrack\CD 1\(I Will) Instrumental Version.flac,not-found,
Blue Orchestra Original Soundtrack\Think-Consider.flac,not-found,
Blue Spring Ride Original Soundtrack\CD 1\A Bad Habit.flac,not-found,
Blue Spring Ride Original Soundtrack\CD 1\A Trace of You.flac,not-found,
Blue Spring Ride Original Soundtrack\CD 1\Because It's the Person I Love.flac,not-found,
Blue Spring Ride Original Soundtrack\CD 1\A Peaceful Afternoon.flac,not-found,
Blue Spring Ride Original Soundtrack\CD 1\Back to You.flac,not-found,
Blue Spring Ride Original Soundtrack\CD 1\Blue Spring Ride.flac,not-found,
Blue Spring Ride Original Soundtrack\CD 1\Longing.flac,not-found,
Blue Spring Ride Original Soundtrack\CD 1\Faint Memories.flac,not-found,
Blue Spring Ride Original Soundtrack\CD 1\False Accusation.flac,not-found,
Blue Spring Ride Original Soundtrack\CD 1\Futaba and Yuri.flac,not-found,
Blue Spring Ride Original Soundtrack\CD 1\Heavy Calorie Bread.flac,not-found,
Blue Spring Ride Original Soundtrack\CD 1\Reunion.flac,not-found,
Blue Spring Ride Original Soundtrack\CD 1\Futaba's True Feelings.flac,not-found,
Blue Spring Ride Original Soundtrack\CD 1\Love.flac,not-found,
Blue Spring Ride Original Soundtrack\CD 1\That Suffocating Guy.flac,not-found,
Blue Spring Ride Original Soundtrack\CD 1\The Feeling Called Love.flac,not-found,
Blue Spring Ride Original Soundtrack\CD 1\The Morning It Began.flac,not-found,
Blue Spring Ride Original Soundtrack\CD 1\We Can't Go Back to Those Days.flac,not-found,
Blue Spring Ride Original Soundtrack\CD 1\The Truth of That Day.flac,not-found,
Blue Spring Ride Original Soundtrack\CD 1\Time for Self-Disgust.flac,not-found,
Blue Spring Ride Original Soundtrack\CD 2\A Feeling-Our-Way Relationship.flac,not-found,
Blue Spring Ride Original Soundtrack\CD 1\Zero Girl Power.flac,not-found,
Blue Spring Ride Original Soundtrack\CD 2\Beyond the Door.flac,not-found,
Blue Spring Ride Original Soundtrack\CD 2\Go Straight.flac,not-found,
Blue Spring Ride Original Soundtrack\CD 2\(I Will) On the Piano.flac,not-found,
Blue Spring Ride Original Soundtrack\CD 2\Daydream.flac,not-found,
Blue Spring Ride Original Soundtrack\CD 2\Brooding and Worrying.flac,not-found,
Blue Spring Ride Original Soundtrack\CD 2\A Night of Sadness.flac,not-found,
Blue Spring Ride Original Soundtrack\CD 2\Guilt.flac,not-found,
Blue Spring Ride Original Soundtrack\CD 2\Misunderstanding.flac,not-found,
Blue Spring Ride Original Soundtrack\CD 2\Melancholy Evening.flac,not-found,
Blue Spring Ride Original Soundtrack\CD 2\Memories of Loss.flac,not-found,
Blue Spring Ride Original Soundtrack\CD 2\Lost at Dusk.flac,not-found,
Blue Spring Ride Original Soundtrack\CD 2\Mixed-Up Futaba.flac,not-found,
Blue Spring Ride Original Soundtrack\CD 2\Run.flac,not-found,
Blue Spring Ride Original Soundtrack\CD 2\Summer Festival.flac,not-found,
Blue Spring Ride Original Soundtrack\CD 2\Orienteering.flac,not-found,
Blue Spring Ride Original Soundtrack\CD 2\Rose-Colored Sky.flac,not-found,
Bus Stop\Bus Stop.flac,not-found,
Converted\saya\2018 - The Girls Are Alright!\04. The Girls Are Alright! (instrumental).flac,created-synced,38番/saya - The Girls Are Alright!
Blue Spring Ride Original Soundtrack\CD 2\Whoops!.flac,not-found,
Blue Spring Ride Original Soundtrack\CD 2\The Pull of the Stars.flac,not-found,
Blue Spring Ride Original Soundtrack\CD 2\The Sound of the Heart.flac,not-found,
"From Here, From Here\One Step.flac",not-found,
"From Here, From Here\From Here, From Here (Instrumental).flac",not-found,
Blue Spring Ride Original Soundtrack\CD 2\Unforgettable Time.flac,not-found,
"From Here, From Here\One Step (Instrumental).flac",not-found,
From Me to You - Kimi ni Todoke Season 3 (Original Soundtrack)\Bustling Together.flac,not-found,
From Me to You - Kimi ni Todoke Season 3 (Original Soundtrack)\Everything Is but a Passing Point.flac,not-found,
From Me to You - Kimi ni Todoke Season 3 (Original Soundtrack)\Closing Distance.flac,not-found,
From Me to You - Kimi ni Todoke Season 3 (Original Soundtrack)\A Small Wish.flac,not-found,
From Me to You - Kimi ni Todoke Season 3 (Original Soundtrack)\Everyone Gather Up! ~ Rearrangement.flac,not-found,
From Me to You - Kimi ni Todoke Season 3 (Original Soundtrack)\Et Cetera ~ Piano Version.flac,not-found,
From Me to You - Kimi ni Todoke Season 3 (Original Soundtrack)\A Place to Feel at Ease.flac,not-found,
From Me to You - Kimi ni Todoke Season 3 (Original Soundtrack)\Freedom~Rearrangement.flac,not-found,
From Me to You - Kimi ni Todoke Season 3 (Original Soundtrack)\ke sera sera.flac,not-found,
From Me to You - Kimi ni Todoke Season 3 (Original Soundtrack)\Innocent Sea.flac,not-found,
From Me to You - Kimi ni Todoke Season 3 (Original Soundtrack)\First Date.flac,not-found,
"From Me to You - Kimi ni Todoke Season 3 (Original Soundtrack)\First Song, Reach You!.flac",not-found,
From Me to You - Kimi ni Todoke Season 3 (Original Soundtrack)\Light and Fluffy.flac,not-found,
From Me to You - Kimi ni Todoke Season 3 (Original Soundtrack)\Memories and the Future.flac,not-found,
From Me to You - Kimi ni Todoke Season 3 (Original Soundtrack)\Okinawan Sky.flac,not-found,
From Me to You - Kimi ni Todoke Season 3 (Original Soundtrack)\Little Scatterbrain ~ Rearrangement.flac,not-found,
From Me to You - Kimi ni Todoke Season 3 (Original Soundtrack)\In the Christmas Town.flac,not-found,
From Me to You - Kimi ni Todoke Season 3 (Original Soundtrack)\Overflowing Feelings ~ Looking Up at the Sky.flac,not-found,
From Me to You - Kimi ni Todoke Season 3 (Original Soundtrack)\Pleasant Beating~Rearrangement.flac,not-found,
From Me to You - Kimi ni Todoke Season 3 (Original Soundtrack)\Pure~Remix.flac,not-found,
From Me to You - Kimi ni Todoke Season 3 (Original Soundtrack)\Overflowing Feelings.flac,not-found,
From Me to You - Kimi ni Todoke Season 3 (Original Soundtrack)\Quiet and Clouds.flac,not-found,
From Me to You - Kimi ni Todoke Season 3 (Original Soundtrack)\Second Dance.flac,not-found,
From Me to You - Kimi ni Todoke Season 3 (Original Soundtrack)\Sounds of Summer.flac,not-found,
From Me to You - Kimi ni Todoke Season 3 (Original Soundtrack)\The Sun Rises~Blue Sky.flac,not-found,
From Me to You - Kimi ni Todoke Season 3 (Original Soundtrack)\Smiley.flac,not-found,
From Me to You - Kimi ni Todoke Season 3 (Original Soundtrack)\The Night Sky and You.flac,not-found,
From Me to You - Kimi ni Todoke Season 3 (Original Soundtrack)\The Sun Rises ~ Main Theme.flac,not-found,
From Me to You - Kimi ni Todoke Season 3 (Original Soundtrack)\Southern Breeze.flac,not-found,
Honey Lemon Soda Original Soundtrack\Blank Mind.flac,not-found,
Honey Lemon Soda Original Soundtrack\At Eventide.flac,not-found,
Honey Lemon Soda Original Soundtrack\Brand New Days.flac,not-found,
Honey Lemon\Honey Lemon.flac,not-found,
From Me to You - Kimi ni Todoke Season 3 (Original Soundtrack)\With Arms Around Each Other.flac,not-found,
Honey Lemon Soda Original Soundtrack\CHANGE.flac,not-found,
Honey Lemon Soda Original Soundtrack\Distance Between Us.flac,not-found,
Honey Lemon Soda Original Soundtrack\From Far Away.flac,not-found,
Honey Lemon Soda Original Soundtrack\Honey Lemon Soda - Main Theme.flac,not-found,
"Honey Lemon Soda Original Soundtrack\Magic Of Love, Pt. 1.flac",not-found,
Honey Lemon Soda Original Soundtrack\Into The Dark.flac,not-found,
Honey Lemon Soda Original Soundtrack\Dark Past.flac,not-found,
"Honey Lemon Soda Original Soundtrack\Magic Of Love, Pt. 2.flac",not-found,
Honey Lemon Soda Original Soundtrack\More Intense.flac,not-found,
Honey Lemon Soda Original Soundtrack\Rainy Day.flac,not-found,
Honey Lemon Soda Original Soundtrack\Overflowing.flac,not-found,
Honey Lemon Soda Original Soundtrack\Reflection Of Joy.flac,not-found,
Honey Lemon Soda Original Soundtrack\The World In Colors.flac,not-found,
Honey Lemon Soda Original Soundtrack\Uka & Kai.flac,not-found,
Honey Lemon Soda Original Soundtrack\You're My Sunshine -Piano Version.flac,not-found,
Honey Lemon Soda Original Soundtrack\Views In Summer.flac,not-found,
Honey Lemon Soda Original Soundtrack\You're My Sunshine.flac,not-found,
Honey Lemon Soda Original Soundtrack\Sparking Like Soda Pop.flac,not-found,
Hyouka Original Soundtrack\Disc 1\A seed of doubt born in my heart.flac,not-found,
Hyouka Original Soundtrack\Disc 1\A sign of distrust.flac,not-found,
Hyouka Original Soundtrack\Disc 1\Alone.flac,not-found,
Hyouka Original Soundtrack\Disc 1\Aria on the G string.flac,not-found,
Hyouka Original Soundtrack\Disc 1\Contrary situation.flac,not-found,
Hyouka Original Soundtrack\Disc 1\Gray and energy saving.flac,not-found,
"Hyouka Original Soundtrack\Disc 1\Cloudy, Gray and Heavy, i.e. Gloomy.flac",not-found,
Hyouka Original Soundtrack\Disc 1\Curiosity in Motion.flac,not-found,
Hyouka Original Soundtrack\Disc 1\Justice of laziness.flac,not-found,
Hyouka Original Soundtrack\Disc 1\Delusional long-haired girl.flac,not-found,
Hyouka Original Soundtrack\Disc 1\Leaves a bitter taste.flac,not-found,
Hyouka Original Soundtrack\Disc 1\Door to the rose-colored world.flac,not-found,
Hyouka Original Soundtrack\Disc 1\Like rose petals dancing.flac,not-found,
Hyouka Original Soundtrack\Disc 1\Labyrinth of research.flac,not-found,
Hyouka Original Soundtrack\Disc 1\Self-produced mystery.flac,not-found,
Hyouka Original Soundtrack\Disc 1\Self-produced serious.flac,not-found,
Hyouka Original Soundtrack\Disc 1\Sicilianne.flac,not-found,
Hyouka Original Soundtrack\Disc 1\Self-produced shocking.flac,not-found,
Hyouka Original Soundtrack\Disc 1\Silence and peace in your heart.flac,not-found,
Hyouka Original Soundtrack\Disc 1\Sonata Moonlight 1st movement.flac,not-found,
Hyouka Original Soundtrack\Disc 1\The comfort of a cloudy sky.flac,not-found,
Hyouka Original Soundtrack\Disc 1\Sonata Moonlight Third Movement.flac,not-found,
Hyouka Original Soundtrack\Disc 1\Wandering thought circuit.flac,not-found,
Hyouka Original Soundtrack\Disc 1\Unaccompanied Cello Suite No. 1.flac,not-found,
Hyouka Original Soundtrack\Disc 1\Walk with your head up.flac,not-found,
Hyouka Original Soundtrack\Disc 1\Unaccompanied Cello Suite No. 1~Cello Solo~.flac,not-found,
Hyouka Original Soundtrack\Disc 2\A world wrapped in black fog.flac,not-found,
Hyouka Original Soundtrack\Disc 2\Broadcasting Department Radio Jingle.flac,not-found,
Hyouka Original Soundtrack\Disc 2\Comedian with a sigh.flac,not-found,
Hyouka Original Soundtrack\Disc 2\Clown-like situation.flac,not-found,
Hyouka Original Soundtrack\Disc 2\Demonstration with fluctuations.flac,not-found,
Hyouka Original Soundtrack\Disc 2\Check Out the Fiery Chef! ~Average~.flac,not-found,
Hyouka Original Soundtrack\Disc 2\Dance of ice cream.flac,not-found,
Hyouka Original Soundtrack\Disc 2\Check Out the Fiery Chef! ~Speed~.flac,not-found,
Hyouka Original Soundtrack\Disc 2\Fuunkyu and Fuunkyu.flac,not-found,
Hyouka Original Soundtrack\Disc 2\Living Hina.flac,not-found,
Hyouka Original Soundtrack\Disc 2\Heading to the festival.flac,not-found,
Hyouka Original Soundtrack\Disc 2\Quiz is coming!.flac,not-found,
Hyouka Original Soundtrack\Disc 2\Poetic atmosphere.flac,not-found,
Hyouka Original Soundtrack\Disc 2\Mischievous Heart and Autumn Sky.flac,not-found,
Hyouka Original Soundtrack\Disc 2\Repeating peaceful days.flac,not-found,
Hyouka Original Soundtrack\Disc 2\Rotating Brain.flac,not-found,
Hyouka Original Soundtrack\Disc 2\Solid analytical presentation.flac,not-found,
Hyouka Original Soundtrack\Disc 2\Shock brought about by unexpected circumstances.flac,not-found,
Hyouka Original Soundtrack\Disc 2\Radio theme by broadcasting department.flac,not-found,
Hyouka Original Soundtrack\Disc 2\The beautiful atmosphere that flows between men and women.flac,not-found,
Hyouka Original Soundtrack\Disc 2\Solved but vague.flac,not-found,
Hyouka Original Soundtrack\Disc 2\Thinking about poisoning.flac,not-found,
Hyouka Original Soundtrack\Disc 2\Time with ambiguous properties.flac,not-found,
Hyouka Original Soundtrack\Disc 2\The delusional long-haired girl again.flac,not-found,
Hyouka Original Soundtrack\Disc 2\The freshness of the sky I looked up at.flac,not-found,
Hyouka Original Soundtrack\Disc 2\Waltz Ittetsu.flac,not-found,
Hyouka Original Soundtrack\Disc 2\Traditional magic show.flac,not-found,
I Want to Eat Your Pancreas Original Soundtrack\First landing!.flac,not-found,
I Want to Eat Your Pancreas Original Soundtrack\I broke my promise.flac,not-found,
I Want to Eat Your Pancreas Original Soundtrack\It's not a coincidence.flac,not-found,
I Want to Eat Your Pancreas Original Soundtrack\I want to eat your pancreas.flac,not-found,
I Want to Eat Your Pancreas Original Soundtrack\I want to eat your pancreas -Main Theme-.flac,not-found,
I Want to Eat Your Pancreas Original Soundtrack\Cherry Blossoms and Spring.flac,not-found,
I Want to Eat Your Pancreas Original Soundtrack\[Classmate Who Knows the Secret].flac,not-found,
"I Want to Eat Your Pancreas Original Soundtrack\Me, not someone else.flac",not-found,
I Want to Eat Your Pancreas Original Soundtrack\Paradise.flac,not-found,
I Want to Eat Your Pancreas Original Soundtrack\More than a trip.flac,not-found,
I Want to Eat Your Pancreas Original Soundtrack\Living with Dying.flac,not-found,
I Want to Eat Your Pancreas Original Soundtrack\Let's Be Happy.flac,not-found,
I Want to Eat Your Pancreas Original Soundtrack\Punishing yourself.flac,not-found,
I Want to Eat Your Pancreas Original Soundtrack\Prologue.flac,not-found,
I Want to Eat Your Pancreas Original Soundtrack\Room together.flac,not-found,
I Want to Eat Your Pancreas Original Soundtrack\She tries to become a party.flac,not-found,
I Want to Eat Your Pancreas Original Soundtrack\Slope.flac,not-found,
I Want to Eat Your Pancreas Original Soundtrack\Secret (movie ver.).flac,not-found,
I Want to Eat Your Pancreas Original Soundtrack\Things I want to do.flac,not-found,
I Want to Eat Your Pancreas Original Soundtrack\This is reality.flac,not-found,
I Want to Eat Your Pancreas Original Soundtrack\Tenth morning.flac,not-found,
I Want to Eat Your Pancreas Original Soundtrack\True Feelings [Track 12].flac,not-found,
I Want to Eat Your Pancreas Original Soundtrack\Truth or Dare.flac,not-found,
I Want to Eat Your Pancreas Original Soundtrack\True Feelings [Track 16].flac,not-found,
I Want to Eat Your Pancreas Original Soundtrack\Words used casually.flac,not-found,
I'm Getting Married to a Girl I Hate in My Class Original Soundtrack\Bed for one.flac,not-found,
I'm Getting Married to a Girl I Hate in My Class Original Soundtrack\Akane Sakuramori.flac,not-found,
I Want to Eat Your Pancreas Original Soundtrack\Truth.flac,not-found,
I'm Getting Married to a Girl I Hate in My Class Original Soundtrack\Buried deep in my heart.flac,not-found,
I'm Getting Married to a Girl I Hate in My Class Original Soundtrack\Best friends for now.flac,not-found,
"I'm Getting Married to a Girl I Hate in My Class Original Soundtrack\Concentrated Vegetable Juice, Cup Noodles, and Protein.flac",not-found,
I'm Getting Married to a Girl I Hate in My Class Original Soundtrack\Definite Victory.flac,not-found,
I'm Getting Married to a Girl I Hate in My Class Original Soundtrack\Cross Directions.flac,not-found,
I'm Getting Married to a Girl I Hate in My Class Original Soundtrack\Closing Distance.flac,not-found,
I'm Getting Married to a Girl I Hate in My Class Original Soundtrack\Did you say... ghost.flac,not-found,
I'm Getting Married to a Girl I Hate in My Class Original Soundtrack\Far From Home.flac,not-found,
I'm Getting Married to a Girl I Hate in My Class Original Soundtrack\For him only.flac,not-found,
I'm Getting Married to a Girl I Hate in My Class Original Soundtrack\For real.flac,not-found,
I'm Getting Married to a Girl I Hate in My Class Original Soundtrack\Don't think I'll forgive you.flac,not-found,
I'm Getting Married to a Girl I Hate in My Class Original Soundtrack\Grandma.flac,not-found,
I'm Getting Married to a Girl I Hate in My Class Original Soundtrack\Hate with passion.flac,not-found,
I'm Getting Married to a Girl I Hate in My Class Original Soundtrack\Hojo family.flac,not-found,
I'm Getting Married to a Girl I Hate in My Class Original Soundtrack\Himari Ishikura.flac,not-found,
I'm Getting Married to a Girl I Hate in My Class Original Soundtrack\I wanna see your smile.flac,not-found,
I'm Getting Married to a Girl I Hate in My Class Original Soundtrack\How awesome.flac,not-found,
I'm Getting Married to a Girl I Hate in My Class Original Soundtrack\Is he human.flac,not-found,
I'm Getting Married to a Girl I Hate in My Class Original Soundtrack\It's a deal.flac,not-found,
I'm Getting Married to a Girl I Hate in My Class Original Soundtrack\I've Got a Bad Feeling.flac,not-found,
I'm Getting Married to a Girl I Hate in My Class Original Soundtrack\It's all for the dream.flac,not-found,
I'm Getting Married to a Girl I Hate in My Class Original Soundtrack\I'm Getting Married to a Girl I Hate in My Class.flac,not-found,
I'm Getting Married to a Girl I Hate in My Class Original Soundtrack\It's time to move on.flac,not-found,
I'm Getting Married to a Girl I Hate in My Class Original Soundtrack\Last Supper.flac,not-found,
I'm Getting Married to a Girl I Hate in My Class Original Soundtrack\Jealous.flac,not-found,
I'm Getting Married to a Girl I Hate in My Class Original Soundtrack\Let's play lovers.flac,not-found,
I'm Getting Married to a Girl I Hate in My Class Original Soundtrack\Little Monster.flac,not-found,
I'm Getting Married to a Girl I Hate in My Class Original Soundtrack\Maho Sakuramori.flac,not-found,
I'm Getting Married to a Girl I Hate in My Class Original Soundtrack\Lonely Heart.flac,not-found,
I'm Getting Married to a Girl I Hate in My Class Original Soundtrack\Mission.flac,not-found,
I'm Getting Married to a Girl I Hate in My Class Original Soundtrack\Mediocre Dog.flac,not-found,
"I'm Getting Married to a Girl I Hate in My Class Original Soundtrack\More Than Lovers, Less Than Love - Commotion Version.flac",not-found,
I'm Getting Married to a Girl I Hate in My Class Original Soundtrack\Peace is King.flac,not-found,
I'm Getting Married to a Girl I Hate in My Class Original Soundtrack\Mysterious Phenomenon.flac,not-found,
"I'm Getting Married to a Girl I Hate in My Class Original Soundtrack\Relax, I didn't see you.flac",not-found,
I'm Getting Married to a Girl I Hate in My Class Original Soundtrack\Shisei Hojo.flac,not-found,
"I'm Getting Married to a Girl I Hate in My Class Original Soundtrack\Relax, I Didn't See You - Fast Version.flac",not-found,
I'm Getting Married to a Girl I Hate in My Class Original Soundtrack\Silvers on fire.flac,not-found,
I'm Getting Married to a Girl I Hate in My Class Original Soundtrack\Soul Food.flac,not-found,
I'm Getting Married to a Girl I Hate in My Class Original Soundtrack\The Compromise.flac,not-found,
I'm Getting Married to a Girl I Hate in My Class Original Soundtrack\Study Group.flac,not-found,
I'm Getting Married to a Girl I Hate in My Class Original Soundtrack\Still a secret.flac,not-found,
I'm Getting Married to a Girl I Hate in My Class Original Soundtrack\Someday's Happy End.flac,not-found,
I'm Getting Married to a Girl I Hate in My Class Original Soundtrack\The most annoying thing.flac,not-found,
I'm Getting Married to a Girl I Hate in My Class Original Soundtrack\The one you truly love.flac,not-found,
"Josee, the Tiger and the Fish. Original Soundtrack\A Girl, a Grandma, and a Weirdo.flac",not-found,
I'm Getting Married to a Girl I Hate in My Class Original Soundtrack\They won't understand me.flac,not-found,
I'm Getting Married to a Girl I Hate in My Class Original Soundtrack\We have 100 children.flac,not-found,
"Josee, the Tiger and the Fish. Original Soundtrack\A New Friend.flac",not-found,
"Josee, the Tiger and the Fish. Original Soundtrack\A Talent for Drawing.flac",not-found,
"Josee, the Tiger and the Fish. Original Soundtrack\An Unreasonable Job.flac",not-found,
"Josee, the Tiger and the Fish. Original Soundtrack\Bad News.flac",not-found,
"Josee, the Tiger and the Fish. Original Soundtrack\Accidental Fate.flac",not-found,
"Josee, the Tiger and the Fish. Original Soundtrack\Closing Time.flac",not-found,
I'm Getting Married to a Girl I Hate in My Class Original Soundtrack\We Have 100 Children - Short Version.flac,not-found,
"Josee, the Tiger and the Fish. Original Soundtrack\Coming Home.flac",not-found,
"Josee, the Tiger and the Fish. Original Soundtrack\Dinner With Josee.flac",not-found,
"Josee, the Tiger and the Fish. Original Soundtrack\Caretaker's Final Job.flac",not-found,
"Josee, the Tiger and the Fish. Original Soundtrack\Don't Come Back.flac",not-found,
"Josee, the Tiger and the Fish. Original Soundtrack\Aquatic Fantasy.flac",not-found,
"Josee, the Tiger and the Fish. Original Soundtrack\Dream Chaser.flac",not-found,
"Josee, the Tiger and the Fish. Original Soundtrack\Facing the Tiger.flac",not-found,
"Josee, the Tiger and the Fish. Original Soundtrack\Fallen Into a Sea of Hopelessness.flac",not-found,
"Josee, the Tiger and the Fish. Original Soundtrack\Fighting for His Life.flac",not-found,
"Josee, the Tiger and the Fish. Original Soundtrack\Josee and Tsuneo.flac",not-found,
"Josee, the Tiger and the Fish. Original Soundtrack\Josee's Dream.flac",not-found,
"Josee, the Tiger and the Fish. Original Soundtrack\Following Her Tracks.flac",not-found,
"Josee, the Tiger and the Fish. Original Soundtrack\Josee's True Passion.flac",not-found,
"Josee, the Tiger and the Fish. Original Soundtrack\Mai's Unrequited Feelings.flac",not-found,
"Josee, the Tiger and the Fish. Original Soundtrack\If I Could Be Free.flac",not-found,
"Josee, the Tiger and the Fish. Original Soundtrack\First Date.flac",not-found,
"Josee, the Tiger and the Fish. Original Soundtrack\In the Light of the Clarion Angel.flac",not-found,
"Josee, the Tiger and the Fish. Original Soundtrack\Part Time Worker.flac",not-found,
"Josee, the Tiger and the Fish. Original Soundtrack\Spread Your Wings.flac",not-found,
"Josee, the Tiger and the Fish. Original Soundtrack\The Able-bodied Can Never Understand.flac",not-found,
"Josee, the Tiger and the Fish. Original Soundtrack\Take Me Far Away.flac",created-synced,Evan Call - Take Me Far Away
"Josee, the Tiger and the Fish. Original Soundtrack\On This Christmas Night.flac",created-synced,Evan Call - On This Christmas Night
"Josee, the Tiger and the Fish. Original Soundtrack\The Mermaid and the Shiny Wing.flac",not-found,
"Josee, the Tiger and the Fish. Original Soundtrack\Spark.flac",not-found,
"Josee, the Tiger and the Fish. Original Soundtrack\The Origin of the Name.flac",not-found,
"Josee, the Tiger and the Fish. Original Soundtrack\Under the Heavy Waves of a Harsh Reality.flac",not-found,
"Josee, the Tiger and the Fish. Original Soundtrack\Wings of the Heart.flac",not-found,
"Josee, the Tiger and the Fish. Original Soundtrack\Tigers.flac",not-found,
"Josee, the Tiger and the Fish. Original Soundtrack\Waves of Joy.flac",not-found,
Just Because! Original Soundtrack\A Gentle Person.flac,not-found,
Just Because! Original Soundtrack\A Small Error.flac,not-found,
Just Because! Original Soundtrack\A Restless Heart.flac,not-found,
"Josee, the Tiger and the Fish. Original Soundtrack\The Waves Keep Crashing.flac",not-found,
Just Because! Original Soundtrack\abbandone.flac,not-found,
Just Because! Original Soundtrack\A Blessed Day.flac,not-found,
Just Because! Original Soundtrack\Before the New Volume.flac,not-found,
Just Because! Original Soundtrack\After-School Meeting.flac,not-found,
Just Because! Original Soundtrack\can't rewind.flac,not-found,
Just Because! Original Soundtrack\beautiful beginning.flac,not-found,
Just Because! Original Soundtrack\Blank Frustration.flac,not-found,
Just Because! Original Soundtrack\again and again.flac,not-found,
Just Because! Original Soundtrack\Endless Chatter.flac,not-found,
Just Because! Original Soundtrack\Dinner.flac,not-found,
Just Because! Original Soundtrack\Gentle Skip.flac,not-found,
Just Because! Original Soundtrack\in unison.flac,not-found,
Just Because! Original Soundtrack\Innocent Memories.flac,not-found,
Just Because! Original Soundtrack\enigmatic transfer student.flac,not-found,
Just Because! Original Soundtrack\Just Because!.flac,not-found,
Just Because! Original Soundtrack\Light Comedy.flac,not-found,
Just Because! Original Soundtrack\It Feels Like Love.flac,not-found,
Just Because! Original Soundtrack\leaf and moon.flac,not-found,
Just Because! Original Soundtrack\little toy box.flac,not-found,
Just Because! Original Soundtrack\mercy photographer.flac,not-found,
Just Because! Original Soundtrack\Memories in a Puddle.flac,not-found,
Just Because! Original Soundtrack\Monologue Under the Winter Sky.flac,not-found,
Just Because! Original Soundtrack\Piace Skip.flac,not-found,
Just Because! Original Soundtrack\nostalgia.flac,not-found,
Just Because! Original Soundtrack\my core.flac,not-found,
Just Because! Original Soundtrack\remain behind.flac,not-found,
Just Because! Original Soundtrack\ready.flac,not-found,
Just Because! Original Soundtrack\signs and wonders.flac,not-found,
Just Because! Original Soundtrack\roundabout.flac,not-found,
Just Because! Original Soundtrack\Something Unshakable.flac,not-found,
Just Because! Original Soundtrack\sun leaguer.flac,not-found,
Just Because! Original Soundtrack\tedious.flac,not-found,
Just Because! Original Soundtrack\teneramente.flac,not-found,
Just Because! Original Soundtrack\unrequited.flac,not-found,
Just Because! Original Soundtrack\Water for Megumi.flac,not-found,
Just Because! Original Soundtrack\timidly.flac,not-found,
Just Because! Original Soundtrack\Water Overflowing from the Glass.flac,not-found,
Just Because! Original Soundtrack\world alone.flac,not-found,
Just Because! Original Soundtrack\Words Swallowed Back.flac,not-found,
Just Because! Original Soundtrack\Winter Sunlight.flac,not-found,
Kaikai Kitan - Blue Waltz\Deep Sea.flac,not-found,
Komi Can't Communicate Original Soundtrack 2\A Lively Walk Home.flac,not-found,
Komi Can't Communicate Original Soundtrack 2\A Sweet and Bitter Season.flac,not-found,
Komi Can't Communicate Original Soundtrack 2\A Turbulent Start to the New Term.flac,not-found,
Komi Can't Communicate Original Soundtrack 2\A Busy High School Student.flac,not-found,
Komi Can't Communicate Original Soundtrack 2\Blue 100 Colors (TV Size) - Off Vocal Ver. -.flac,not-found,
Komi Can't Communicate Original Soundtrack 2\A Warm Light in the Heart.flac,not-found,
Komi Can't Communicate Original Soundtrack 2\Blue 100 Colors (TV Size).flac,not-found,
Komi Can't Communicate Original Soundtrack 2\Bridge No. 5.flac,not-found,
Komi Can't Communicate Original Soundtrack 2\Bridge No. 10.flac,not-found,
Komi Can't Communicate Original Soundtrack 2\Bridge No. 6.flac,not-found,
Komi Can't Communicate Original Soundtrack 2\Bridge No. 7.flac,not-found,
Komi Can't Communicate Original Soundtrack 2\Bridge No. 8.flac,not-found,
Komi Can't Communicate Original Soundtrack 2\Constellations Twinkling in the Night Sky.flac,not-found,
Komi Can't Communicate Original Soundtrack 2\Bridge No. 9.flac,not-found,
Komi Can't Communicate Original Soundtrack 2\Christmas Spent with Everyone.flac,not-found,
Komi Can't Communicate Original Soundtrack 2\Can I Make 100 Friends.flac,not-found,
Komi Can't Communicate Original Soundtrack 2\Counting the Names in the Friend Notebook.flac,not-found,
Komi Can't Communicate Original Soundtrack 2\Each Person's Clashing Opinions.flac,not-found,
Komi Can't Communicate Original Soundtrack 2\Even When Things Don't Go Well.flac,not-found,
Komi Can't Communicate Original Soundtrack 2\Failure Is the Basis of Success.flac,not-found,
Komi Can't Communicate Original Soundtrack 2\First School Trip.flac,not-found,
Komi Can't Communicate Original Soundtrack 2\How Far Apart Are the Two of Us.flac,not-found,
Komi Can't Communicate Original Soundtrack 2\I'm the Main Character!.flac,not-found,
Komi Can't Communicate Original Soundtrack 2\Hmph!.flac,not-found,
Komi Can't Communicate Original Soundtrack 2\men kase ya.flac,not-found,
Komi Can't Communicate Original Soundtrack 2\In the Lively Town.flac,not-found,
"Komi Can't Communicate Original Soundtrack 2\Now, the Match!.flac",not-found,
Komi Can't Communicate Original Soundtrack 2\Moonlight Shining Through the Window.flac,not-found,
Komi Can't Communicate Original Soundtrack 2\Major Panic!.flac,not-found,
"Komi Can't Communicate Original Soundtrack 2\Next Time, for Sure.flac",not-found,
Komi Can't Communicate Original Soundtrack 2\Our Days Go On.flac,not-found,
Komi Can't Communicate Original Soundtrack 2\The Class Meeting Heats Up.flac,not-found,
Komi Can't Communicate Original Soundtrack 2\Take It Slow~.flac,not-found,
Komi Can't Communicate Original Soundtrack 2\The Ideal Situation.flac,not-found,
Komi Can't Communicate Original Soundtrack 2\Step by Step.flac,not-found,
Kubo Won't Let Me Be Invisible Original Soundtrack\A Dare!.flac,not-found,
Komi Can't Communicate Original Soundtrack 2\The Scent of Chalk Left in the Classroom.flac,not-found,
Komi Can't Communicate Original Soundtrack 2\What Are You Listening To.flac,not-found,
Kubo Won't Let Me Be Invisible Original Soundtrack\After School.flac,not-found,
Komi Can't Communicate Original Soundtrack 2\When I Think of You.flac,not-found,
Komi Can't Communicate Original Soundtrack 2\Where the Imaginary Date Leads.flac,not-found,
Kubo Won't Let Me Be Invisible Original Soundtrack\Bit Lonely.flac,not-found,
Kubo Won't Let Me Be Invisible Original Soundtrack\An Ordinary Day.flac,not-found,
Kubo Won't Let Me Be Invisible Original Soundtrack\Bless the Two.flac,not-found,
Kubo Won't Let Me Be Invisible Original Soundtrack\Butterflies.flac,not-found,
Kubo Won't Let Me Be Invisible Original Soundtrack\Cute Little Prank.flac,not-found,
Kubo Won't Let Me Be Invisible Original Soundtrack\Cute Little Prank II.flac,not-found,
Kubo Won't Let Me Be Invisible Original Soundtrack\Disappointment.flac,not-found,
Kubo Won't Let Me Be Invisible Original Soundtrack\Embarrassment.flac,not-found,
Kubo Won't Let Me Be Invisible Original Soundtrack\Freak Out.flac,not-found,
Kubo Won't Let Me Be Invisible Original Soundtrack\Girl Talk.flac,not-found,
Kubo Won't Let Me Be Invisible Original Soundtrack\In the Noon.flac,not-found,
Kubo Won't Let Me Be Invisible Original Soundtrack\It Could Be a Good News.flac,not-found,
Kubo Won't Let Me Be Invisible Original Soundtrack\Going to School.flac,not-found,
Kubo Won't Let Me Be Invisible Original Soundtrack\Going Out.flac,not-found,
Kubo Won't Let Me Be Invisible Original Soundtrack\Helter-Skelter.flac,not-found,
Kubo Won't Let Me Be Invisible Original Soundtrack\Just a Joke.flac,not-found,
Kubo Won't Let Me Be Invisible Original Soundtrack\Kubo's Feeling.flac,not-found,
Kubo Won't Let Me Be Invisible Original Soundtrack\Memories.flac,not-found,
Kubo Won't Let Me Be Invisible Original Soundtrack\Passing By.flac,not-found,
Kubo Won't Let Me Be Invisible Original Soundtrack\Riddle.flac,not-found,
Kubo Won't Let Me Be Invisible Original Soundtrack\See You Tomorrow.flac,not-found,
Kubo Won't Let Me Be Invisible Original Soundtrack\Pretend.flac,not-found,
Kubo Won't Let Me Be Invisible Original Soundtrack\Seita's Hero.flac,not-found,
Kubo Won't Let Me Be Invisible Original Soundtrack\Puzzled.flac,not-found,
Kubo Won't Let Me Be Invisible Original Soundtrack\Shiraishi and Kubo.flac,not-found,
Kubo Won't Let Me Be Invisible Original Soundtrack\Smile.flac,not-found,
Kubo Won't Let Me Be Invisible Original Soundtrack\Sister.flac,not-found,
Kubo Won't Let Me Be Invisible Original Soundtrack\Sword Magic.flac,not-found,
Kubo Won't Let Me Be Invisible Original Soundtrack\Theme of Kubo.flac,not-found,
Kubo Won't Let Me Be Invisible Original Soundtrack\Sulky.flac,not-found,
Kubo Won't Let Me Be Invisible Original Soundtrack\Theme of Shiraishi.flac,not-found,
Kubo Won't Let Me Be Invisible Original Soundtrack\Unpredicted Happening.flac,not-found,
Kubo Won't Let Me Be Invisible Original Soundtrack\Usual Classroom.flac,not-found,
Kubo Won't Let Me Be Invisible Original Soundtrack\Tragedy.flac,not-found,
Kubo Won't Let Me Be Invisible Original Soundtrack\Time for Two.flac,not-found,
"Love Me, Love Me Not Original Soundtrack\A Gentle Lie.flac",not-found,
"Love Me, Love Me Not Original Soundtrack\A Melancholy Prince.flac",not-found,
"Love Me, Love Me Not Original Soundtrack\A Jewelry Box of Memories.flac",not-found,
"Love Me, Love Me Not Original Soundtrack\A Wish That Never Came True.flac",not-found,
"Love Me, Love Me Not Original Soundtrack\A Promise to Face It Properly.flac",not-found,
"Love Me, Love Me Not Original Soundtrack\A Secret Just Between the Two of Us.flac",not-found,
"Love Me, Love Me Not Original Soundtrack\Declaration of Rivals!.flac",not-found,
"Love Me, Love Me Not Original Soundtrack\A Sudden... Chase!.flac",not-found,
"Love Me, Love Me Not Original Soundtrack\Back in Middle School.flac",not-found,
"Love Me, Love Me Not Original Soundtrack\Beyond the Gaze.flac",not-found,
"Love Me, Love Me Not Original Soundtrack\As If It Never Happened.flac",not-found,
"Love Me, Love Me Not Original Soundtrack\Don't Decide on Your Own.flac",not-found,
"Love Me, Love Me Not Original Soundtrack\Encouragement to Confess.flac",not-found,
"Love Me, Love Me Not Original Soundtrack\Farewell and Encounter.flac",not-found,
"Love Me, Love Me Not Original Soundtrack\Each Person's Winter.flac",not-found,
"Love Me, Love Me Not Original Soundtrack\Friends Starting Today.flac",not-found,
"Love Me, Love Me Not Original Soundtrack\For the Sake of Family.flac",not-found,
"Love Me, Love Me Not Original Soundtrack\Gentle Feelings.flac",not-found,
"Love Me, Love Me Not Original Soundtrack\Feelings That Pass Each Other By.flac",not-found,
"Love Me, Love Me Not Original Soundtrack\How to Spend Christmas.flac",not-found,
"Love Me, Love Me Not Original Soundtrack\I Mustn't Fall in Love.flac",not-found,
"Love Me, Love Me Not Original Soundtrack\I Wonder Why.flac",not-found,
"Love Me, Love Me Not Original Soundtrack\I Still Don't Know What Real Love Is.flac",not-found,
"Love Me, Love Me Not Original Soundtrack\It Was Raining That Day Too.flac",not-found,
"Love Me, Love Me Not Original Soundtrack\Juri and Yuna's Feelings.flac",not-found,
"Love Me, Love Me Not Original Soundtrack\In a Snowy Town.flac",not-found,
"Love Me, Love Me Not Original Soundtrack\Juri and Kazuomi.flac",not-found,
"Love Me, Love Me Not Original Soundtrack\Juri's Anger.flac",not-found,
"Love Me, Love Me Not Original Soundtrack\Really.flac",not-found,
"Love Me, Love Me Not Original Soundtrack\Prince of My First Love.flac",not-found,
"Love Me, Love Me Not Original Soundtrack\Love Me, Love Me Not.flac",not-found,
"Love Me, Love Me Not Original Soundtrack\Rio's Confusion.flac",not-found,
"Love Me, Love Me Not Original Soundtrack\Someday, at the Corner of the World.flac",not-found,
"Love Me, Love Me Not Original Soundtrack\The Sign of a Beginning.flac",not-found,
"Love Me, Love Me Not Original Soundtrack\The Rain at the Beginning.flac",not-found,
"Love Me, Love Me Not Original Soundtrack\This Isn't the Time to Look Down!.flac",not-found,
"Love Me, Love Me Not Original Soundtrack\This Time for Sure.flac",not-found,
"Love Me, Love Me Not Original Soundtrack\The Truth of That Day.flac",not-found,
"Love Me, Love Me Not Original Soundtrack\The Person of My First Love.flac",not-found,
"Love Me, Love Me Not Original Soundtrack\This Time, I'll...!.flac",not-found,
"Love Me, Love Me Not Original Soundtrack\To Make Her Happy.flac",not-found,
Magic Hour - Wonderful World\Magic Hour.flac,created-synced,&TEAM - Magic Hour
"Love Me, Love Me Not Original Soundtrack\Twelve Days of Christmas.flac",not-found,
"Love Me, Love Me Not Original Soundtrack\Yuna's Determination.flac",not-found,
"Love Me, Love Me Not Original Soundtrack\You Have to Treasure It, Right.flac",not-found,
Makeine- Too Many Losing Heroines! - Makeine Cheering! Cover Song Collection\BREEEEZE GIRL.flac,not-found,
"Love Me, Love Me Not Original Soundtrack\Yuna and Rio.flac",not-found,
Magic Hour - Wonderful World\Wonderful World.flac,not-found,
Makeine- Too Many Losing Heroines! - Makeine Cheering! Cover Song Collection\CRAZY FOR YOU.flac,created-synced,Lemon Yakishio (CV: Shion Wakayama) - Topic - CRAZY FOR YOU
Makeine- Too Many Losing Heroines! - Makeine Cheering! Cover Song Collection\feel my soul.flac,not-found,
Makeine- Too Many Losing Heroines! - Makeine Cheering! Cover Song Collection\ashita mo.flac,not-found,
Makeine- Too Many Losing Heroines! - Makeine Cheering! Cover Song Collection\LOVE 2000.flac,created-synced,Yanami Anna(CV: Hikaru Tono) - LOVE 2000
Makeine- Too Many Losing Heroines! - Makeine Cheering! Cover Song Collection\rirura riruha.flac,not-found,
Makeine- Too Many Losing Heroines! - Makeine Cheering! Cover Song Collection\saijoukyuu nikawaiino!.flac,not-found,
Makeine- Too Many Losing Heroines! - Makeine Cheering! Cover Song Collection\Purepareedo.flac,not-found,
Makeine- Too Many Losing Heroines! Original Soundtrack Vol. 1\Blissful time.flac,not-found,
Makeine- Too Many Losing Heroines! Original Soundtrack Vol. 1\Bright youth.flac,not-found,
Makeine- Too Many Losing Heroines! Original Soundtrack Vol. 1\I'm not completely blown away!.flac,not-found,
Makeine- Too Many Losing Heroines! Original Soundtrack Vol. 1\Feelings that I don't know about.flac,not-found,
Makeine- Too Many Losing Heroines! Original Soundtrack Vol. 1\Literature Club.flac,not-found,
Makeine- Too Many Losing Heroines! Original Soundtrack Vol. 1\Just a friend.flac,not-found,
Makeine- Too Many Losing Heroines! Original Soundtrack Vol. 1\Maybe kana kana!.flac,not-found,
Makeine- Too Many Losing Heroines! Original Soundtrack Vol. 1\Loser heroine theme.flac,not-found,
Makeine- Too Many Losing Heroines! Original Soundtrack Vol. 1\Memories of a time.flac,not-found,
Makeine- Too Many Losing Heroines! Original Soundtrack Vol. 1\Don't apologize.flac,not-found,
Makeine- Too Many Losing Heroines! Original Soundtrack Vol. 1\Mounting Battle.flac,not-found,
Makeine- Too Many Losing Heroines! Original Soundtrack Vol. 1\Outing heroine.flac,not-found,
Makeine- Too Many Losing Heroines! Original Soundtrack Vol. 1\People in the know.flac,not-found,
Makeine- Too Many Losing Heroines! Original Soundtrack Vol. 1\Now on to the main topic.flac,not-found,
Makeine- Too Many Losing Heroines! Original Soundtrack Vol. 1\No way.flac,not-found,
Makeine- Too Many Losing Heroines! Original Soundtrack Vol. 1\Positive heroine.flac,not-found,
Makeine- Too Many Losing Heroines! Original Soundtrack Vol. 1\Tears of defeated heroine.flac,not-found,
Makeine- Too Many Losing Heroines! Original Soundtrack Vol. 1\Shady Alliance.flac,not-found,
Makeine- Too Many Losing Heroines! Original Soundtrack Vol. 1\That's right!.flac,not-found,
Makeine- Too Many Losing Heroines! Original Soundtrack Vol. 1\Thief Cat.flac,not-found,
Makeine- Too Many Losing Heroines! Original Soundtrack Vol. 1\Yoshiki's recommendation.flac,not-found,
Makeine- Too Many Losing Heroines! Original Soundtrack Vol. 1\This is Chika Komari.flac,not-found,
Makeine- Too Many Losing Heroines! Original Soundtrack Vol. 1\That's a no-go!.flac,not-found,
Makeine- Too Many Losing Heroines! Original Soundtrack Vol. 2\Be calm today too.flac,not-found,
Makeine- Too Many Losing Heroines! Original Soundtrack Vol. 2\Firefly light.flac,not-found,
Makeine- Too Many Losing Heroines! Original Soundtrack Vol. 2\Beautiful memories.flac,not-found,
Makeine- Too Many Losing Heroines! Original Soundtrack Vol. 2\I still want to eat it.flac,not-found,
Makeine- Too Many Losing Heroines! Original Soundtrack Vol. 2\It's cheating!!!.flac,not-found,
Makeine- Too Many Losing Heroines! Original Soundtrack Vol. 2\Form of youth.flac,not-found,
Makeine- Too Many Losing Heroines! Original Soundtrack Vol. 2\NTR.flac,not-found,
Makeine- Too Many Losing Heroines! Original Soundtrack Vol. 2\Literature club holds training camp!.flac,not-found,
Makeine- Too Many Losing Heroines! Original Soundtrack Vol. 2\Quiet happiness.flac,not-found,
Makeine- Too Many Losing Heroines! Original Soundtrack Vol. 2\Rumors that resonate.flac,not-found,
Makeine- Too Many Losing Heroines! Original Soundtrack Vol. 2\Mr. Konuki's thoughts.flac,not-found,
Makeine- Too Many Losing Heroines! Original Soundtrack Vol. 2\Feelings I want to convey.flac,not-found,
Makeine- Too Many Losing Heroines! Original Soundtrack Vol. 2\Summer breeze.flac,not-found,
Makeine- Too Many Losing Heroines! Original Soundtrack Vol. 2\Tap water.flac,not-found,
Makeine- Too Many Losing Heroines! Original Soundtrack Vol. 2\Together.flac,not-found,
Makeine- Too Many Losing Heroines! Original Soundtrack Vol. 2\Suspicious Shikiya.flac,not-found,
Makeine- Too Many Losing Heroines! Original Soundtrack Vol. 2\Thank you for everything.flac,not-found,
Makeine- Too Many Losing Heroines! Original Soundtrack Vol. 2\Student Council.flac,not-found,
Makeine- Too Many Losing Heroines! Original Soundtrack Vol. 2\Tsuwabuki Festival begins!.flac,not-found,
Makeine- Too Many Losing Heroines! Original Soundtrack Vol. 2\Warm circle.flac,not-found,
Makeine- Too Many Losing Heroines! Original Soundtrack Vol. 2\Two people passing each other.flac,not-found,
Martian\Martian.flac,created-synced,Yorushika - Martian
Makeine- Too Many Losing Heroines! Original Soundtrack Vol. 2\You are a pushy person.flac,not-found,
"More than a Married Couple, But Not Lovers. Original Soundtrack\All a Flutter.flac",not-found,
"More than a Married Couple, But Not Lovers. Original Soundtrack\An.flac",not-found,
"More than a Married Couple, But Not Lovers. Original Soundtrack\Aroma Candle.flac",not-found,
"More than a Married Couple, But Not Lovers. Original Soundtrack\A Tangled Mess.flac",not-found,
"More than a Married Couple, But Not Lovers. Original Soundtrack\Battle Fanfare.flac",not-found,
"More than a Married Couple, But Not Lovers. Original Soundtrack\Awkwardness.flac",not-found,
"More than a Married Couple, But Not Lovers. Original Soundtrack\Colorful Neo.flac",not-found,
"More than a Married Couple, But Not Lovers. Original Soundtrack\Commotion.flac",not-found,
"More than a Married Couple, But Not Lovers. Original Soundtrack\Hug.flac",not-found,
"More than a Married Couple, But Not Lovers. Original Soundtrack\Beautiful Gal.flac",not-found,
"More than a Married Couple, But Not Lovers. Original Soundtrack\Heart Pounding.flac",not-found,
"More than a Married Couple, But Not Lovers. Original Soundtrack\Feelings I Want to Convey.flac",not-found,
"More than a Married Couple, But Not Lovers. Original Soundtrack\Cherry Blossoms Scatter on the Way Home.flac",not-found,
"More than a Married Couple, But Not Lovers. Original Soundtrack\Hey, Yakuin.flac",not-found,
"More than a Married Couple, But Not Lovers. Original Soundtrack\I Went and Did It.flac",not-found,
"More than a Married Couple, But Not Lovers. Original Soundtrack\Jiro and Kamo's Scheme.flac",not-found,
"More than a Married Couple, But Not Lovers. Original Soundtrack\Indecisive Boy.flac",not-found,
"More than a Married Couple, But Not Lovers. Original Soundtrack\Love and Friendship.flac",not-found,
"More than a Married Couple, But Not Lovers. Original Soundtrack\Main Theme Battle Fanfare Game Over.flac",not-found,
"More than a Married Couple, But Not Lovers. Original Soundtrack\Maybe a Gamer.flac",not-found,
"More than a Married Couple, But Not Lovers. Original Soundtrack\Jiro's Fantasy.flac",not-found,
"More than a Married Couple, But Not Lovers. Original Soundtrack\Maybe I Like You.flac",not-found,
"More than a Married Couple, But Not Lovers. Original Soundtrack\Night Town.flac",not-found,
"More than a Married Couple, But Not Lovers. Original Soundtrack\Pancake Cafe.flac",not-found,
"More than a Married Couple, But Not Lovers. Original Soundtrack\More than a Married Couple, But Not Lovers. (Piano Version).flac",not-found,
"More than a Married Couple, But Not Lovers. Original Soundtrack\More than a Married Couple, But Not Lovers. (Reprise).flac",not-found,
"More than a Married Couple, But Not Lovers. Original Soundtrack\More than a Married Couple, But Not Lovers. (Guitar Version).flac",not-found,
"More than a Married Couple, But Not Lovers. Original Soundtrack\More than a Married Couple, But Not Lovers. (Main Theme).flac",not-found,
"More than a Married Couple, But Not Lovers. Original Soundtrack\Pure-Type Girl.flac",not-found,
"More than a Married Couple, But Not Lovers. Original Soundtrack\Sniffling.flac",not-found,
"More than a Married Couple, But Not Lovers. Original Soundtrack\Summer Sea.flac",not-found,
"More than a Married Couple, But Not Lovers. Original Soundtrack\Pfft, Hehe.flac",not-found,
"More than a Married Couple, But Not Lovers. Original Soundtrack\Stuck on You (Anime Size).flac",not-found,
"More than a Married Couple, But Not Lovers. Original Soundtrack\The Person My Crush Likes.flac",not-found,
"More than a Married Couple, But Not Lovers. Original Soundtrack\Quietly Perverted Boy.flac",not-found,
"More than a Married Couple, But Not Lovers. Original Soundtrack\TRUE FOOL LOVE (Anime Size).flac",not-found,
"More than a Married Couple, But Not Lovers. Original Soundtrack\Time for Two.flac",not-found,
"More than a Married Couple, But Not Lovers. Original Soundtrack\True Love, Fake Affection.flac",not-found,
"More than a Married Couple, But Not Lovers. Original Soundtrack\Ultimate Handsome Guy.flac",not-found,
Proof of Us (Soundtrack to the FLAT STUDIO Short Film)\Ahead of Us.flac,not-found,
"More than a Married Couple, But Not Lovers. Original Soundtrack\Zombie.flac",not-found,
Proof of Us (Soundtrack to the FLAT STUDIO Short Film)\Ahead of Us (Piano Version).flac,not-found,
"More than a Married Couple, But Not Lovers. Original Soundtrack\What Is Marriage Practical.flac",not-found,
My Vega - R-L - danceasphalt\My Vega.flac,not-found,
"More than a Married Couple, But Not Lovers. Original Soundtrack\Youth Academy.flac",not-found,
Rascal Does Not Dream of Bunny Girl Senpai Original Soundtrack\A First Love.flac,not-found,
Rascal Does Not Dream of Bunny Girl Senpai Original Soundtrack\A Girl's Feelings.flac,not-found,
Rascal Does Not Dream of Bunny Girl Senpai Original Soundtrack\Alone.flac,not-found,
Rascal Does Not Dream of Bunny Girl Senpai Original Soundtrack\Couple.flac,not-found,
Rascal Does Not Dream of Bunny Girl Senpai Original Soundtrack\An Eerie Room.flac,not-found,
Rascal Does Not Dream of Bunny Girl Senpai Original Soundtrack\Compensation.flac,not-found,
Rascal Does Not Dream of Bunny Girl Senpai Original Soundtrack\Deadly Serious.flac,not-found,
Rascal Does Not Dream of Bunny Girl Senpai Original Soundtrack\Enoshima.flac,not-found,
Rascal Does Not Dream of Bunny Girl Senpai Original Soundtrack\Disgust.flac,not-found,
"Rascal Does Not Dream of Bunny Girl Senpai Original Soundtrack\And So, The World Regained Mai Sakurajima.flac",not-found,
Rascal Does Not Dream of Bunny Girl Senpai Original Soundtrack\Futaba.flac,not-found,
Rascal Does Not Dream of Bunny Girl Senpai Original Soundtrack\Girly Chic.flac,not-found,
Rascal Does Not Dream of Bunny Girl Senpai Original Soundtrack\Help Me.flac,not-found,
Rascal Does Not Dream of Bunny Girl Senpai Original Soundtrack\Fireworks.flac,not-found,
Rascal Does Not Dream of Bunny Girl Senpai Original Soundtrack\Higashihama Beach.flac,not-found,
Rascal Does Not Dream of Bunny Girl Senpai Original Soundtrack\Idiot Sakuta!.flac,not-found,
Rascal Does Not Dream of Bunny Girl Senpai Original Soundtrack\Horizon.flac,not-found,
Rascal Does Not Dream of Bunny Girl Senpai Original Soundtrack\Outsider.flac,not-found,
Rascal Does Not Dream of Bunny Girl Senpai Original Soundtrack\Pink Bikini.flac,not-found,
Rascal Does Not Dream of Bunny Girl Senpai Original Soundtrack\Pervert.flac,not-found,
Rascal Does Not Dream of Bunny Girl Senpai Original Soundtrack\It's Morning.flac,not-found,
Rascal Does Not Dream of Bunny Girl Senpai Original Soundtrack\Mai.flac,not-found,
Rascal Does Not Dream of Bunny Girl Senpai Original Soundtrack\Rascal.flac,not-found,
Rascal Does Not Dream of Bunny Girl Senpai Original Soundtrack\Scar.flac,not-found,
Rascal Does Not Dream of Bunny Girl Senpai Original Soundtrack\Second Time.flac,not-found,
Rascal Does Not Dream of Bunny Girl Senpai Original Soundtrack\Playing Ninja.flac,not-found,
Rascal Does Not Dream of Bunny Girl Senpai Original Soundtrack\Something Precious.flac,not-found,
Rascal Does Not Dream of Bunny Girl Senpai Original Soundtrack\Reserve.flac,not-found,
Rascal Does Not Dream of Bunny Girl Senpai Original Soundtrack\Swapped Sisters.flac,not-found,
Rascal Does Not Dream of Bunny Girl Senpai Original Soundtrack\The Other End of the Receiver.flac,not-found,
SHOSHIMIN- How to become Ordinary Original Soundtrack\Disc 1\Creeping anxiety.flac,not-found,
Rascal Does Not Dream of Bunny Girl Senpai Original Soundtrack\Urban Legend.flac,not-found,
SHOSHIMIN- How to become Ordinary Original Soundtrack\Disc 1\Bittersweet.flac,not-found,
SHOSHIMIN- How to become Ordinary Original Soundtrack\Disc 1\Crying while Tanmen (No Vocal ver.).flac,not-found,
SHOSHIMIN- How to become Ordinary Original Soundtrack\Disc 1\Flashback.flac,not-found,
SHOSHIMIN- How to become Ordinary Original Soundtrack\Disc 1\Cute Osanai.flac,not-found,
SHOSHIMIN- How to become Ordinary Original Soundtrack\Disc 1\Inference.flac,not-found,
SHOSHIMIN- How to become Ordinary Original Soundtrack\Disc 1\How to make delicious cocoa.flac,not-found,
SHOSHIMIN- How to become Ordinary Original Soundtrack\Disc 1\Humpty Dumpty.flac,not-found,
SHOSHIMIN- How to become Ordinary Original Soundtrack\Disc 1\Investigation.flac,not-found,
SHOSHIMIN- How to become Ordinary Original Soundtrack\Disc 1\Jougorou Kobato's Reasoning.flac,not-found,
SHOSHIMIN- How to become Ordinary Original Soundtrack\Disc 1\Mysterious.flac,not-found,
"SHOSHIMIN- How to become Ordinary Original Soundtrack\Disc 1\Now, let's eat cake.flac",not-found,
SHOSHIMIN- How to become Ordinary Original Soundtrack\Disc 1\Puzzle solving.flac,not-found,
SHOSHIMIN- How to become Ordinary Original Soundtrack\Disc 1\Peaceful townscape.flac,not-found,
SHOSHIMIN- How to become Ordinary Original Soundtrack\Disc 1\Quiet scenery.flac,not-found,
SHOSHIMIN- How to become Ordinary Original Soundtrack\Disc 1\Promised Strawberry Tart.flac,not-found,
SHOSHIMIN- How to become Ordinary Original Soundtrack\Disc 1\Revenge.flac,not-found,
SHOSHIMIN- How to become Ordinary Original Soundtrack\Disc 1\Sweet Memory.flac,not-found,
SHOSHIMIN- How to become Ordinary Original Soundtrack\Disc 1\Race Against The Clock.flac,not-found,
SHOSHIMIN- How to become Ordinary Original Soundtrack\Disc 1\Small Citizen Series Main Theme.flac,not-found,
SHOSHIMIN- How to become Ordinary Original Soundtrack\Disc 1\Sweets Tour.flac,not-found,
SHOSHIMIN- How to become Ordinary Original Soundtrack\Disc 1\Small Citizen Series Main Theme (pf ver.).flac,not-found,
SHOSHIMIN- How to become Ordinary Original Soundtrack\Disc 1\Tension.flac,not-found,
SHOSHIMIN- How to become Ordinary Original Soundtrack\Disc 1\Their daily life.flac,not-found,
SHOSHIMIN- How to become Ordinary Original Soundtrack\Disc 1\Tropical Parfait.flac,not-found,
SHOSHIMIN- How to become Ordinary Original Soundtrack\Disc 2\Escape.flac,not-found,
SHOSHIMIN- How to become Ordinary Original Soundtrack\Disc 1\Tanmen while crying.flac,not-found,
SHOSHIMIN- How to become Ordinary Original Soundtrack\Disc 2\Maelstrom.flac,not-found,
SHOSHIMIN- How to become Ordinary Original Soundtrack\Disc 2\Night patrol.flac,not-found,
SHOSHIMIN- How to become Ordinary Original Soundtrack\Disc 2\My Home Town.flac,not-found,
SHOSHIMIN- How to become Ordinary Original Soundtrack\Disc 2\Small Citizen Series Main Theme (Gt ver.).flac,not-found,
SHOSHIMIN- How to become Ordinary Original Soundtrack\Disc 2\Four Season.flac,not-found,
SHOSHIMIN- How to become Ordinary Original Soundtrack\Disc 2\Monologue.flac,not-found,
SHOSHIMIN- How to become Ordinary Original Soundtrack\Disc 2\Suspicious fire.flac,not-found,
SHOSHIMIN- How to become Ordinary Original Soundtrack\Disc 2\Urino's Pride.flac,not-found,
SHOSHIMIN- How to become Ordinary Original Soundtrack\Disc 2\Small Citizen Series Main Theme (inst ver.).flac,not-found,
SugaRiddle.flac,not-found,
Song Lie\Incomprehensible.flac,not-found,
SHOSHIMIN- How to become Ordinary Original Soundtrack\Disc 2\Small Citizen Series Main Theme (Major ver.).flac,not-found,
SHOSHIMIN- How to become Ordinary Original Soundtrack\Disc 2\Urino's determination.flac,not-found,
Summer Ghost Original Soundtrack\Aoi's Pain.flac,not-found,
Summer Ghost Original Soundtrack\Ayane Is Here.flac,not-found,
Summer Ghost Original Soundtrack\Don't.flac,not-found,
Summer Ghost Original Soundtrack\Epilogue.flac,not-found,
Summer Ghost Original Soundtrack\Dawn.flac,not-found,
Summer Ghost Original Soundtrack\In Your Heart.flac,not-found,
Summer Ghost Original Soundtrack\Frozen In Time.flac,not-found,
Summer Ghost Original Soundtrack\Just A Little More.flac,not-found,
Summer Ghost Original Soundtrack\Four.flac,not-found,
Summer Ghost Original Soundtrack\Landing.flac,not-found,
Summer Ghost Original Soundtrack\My Museum.flac,not-found,
Summer Ghost Original Soundtrack\Prologue.flac,not-found,
Summer Ghost Original Soundtrack\One Year Later.flac,not-found,
Summer Ghost Original Soundtrack\Reality.flac,not-found,
Summer Ghost Original Soundtrack\Pass Away.flac,not-found,
Summer Ghost Original Soundtrack\Reborn.flac,not-found,
Summer Ghost Original Soundtrack\Ryo's Days.flac,not-found,
Summer Ghost Original Soundtrack\Secret.flac,not-found,
Summer Ghost Original Soundtrack\Runway.flac,not-found,
Summer Ghost Original Soundtrack\Still Alive.flac,not-found,
Summer Ghost Original Soundtrack\Suitcase.flac,not-found,
Summer Ghost Original Soundtrack\Sayonara.flac,not-found,
Summer Ghost Original Soundtrack\Takeoff.flac,not-found,
Summer Ghost Original Soundtrack\Tomoya's Monologue.flac,not-found,
Summer Ghost Original Soundtrack\Summer Ghost.flac,not-found,
Summer Ghost Original Soundtrack\Three.flac,not-found,
Summer Ghost Original Soundtrack\Will.flac,not-found,
Suzume (Motion Picture Soundtrack)\01. The First Encounter.flac,not-found,
Suzume (Motion Picture Soundtrack)\02. Abandoned Resort.flac,not-found,
Summer Ghost Original Soundtrack\You and Me.flac,not-found,
Suzume (Motion Picture Soundtrack)\03. First Aid.flac,not-found,
Summer Ghost Original Soundtrack\What Is ''Summer Ghost''.flac,not-found,
Suzume (Motion Picture Soundtrack)\05. At Night in Ferry.flac,not-found,
Suzume (Motion Picture Soundtrack)\07. Abandoned School.flac,not-found,
Suzume (Motion Picture Soundtrack)\06. Cat me if you can.flac,not-found,
Suzume (Motion Picture Soundtrack)\09. Hitchhike.flac,not-found,
Suzume (Motion Picture Soundtrack)\04. Cat Chase.flac,not-found,
Suzume (Motion Picture Soundtrack)\10. Two Little Terrors.flac,not-found,
Suzume (Motion Picture Soundtrack)\12. Soldier's Break.flac,not-found,
Suzume (Motion Picture Soundtrack)\13. Shinkasen Super Express.flac,not-found,
Suzume (Motion Picture Soundtrack)\11. Dreaming on Ferris Wheel.flac,not-found,
Suzume (Motion Picture Soundtrack)\14. History of Mimizu.flac,not-found,
Suzume (Motion Picture Soundtrack)\08. Time for two.flac,not-found,
Suzume (Motion Picture Soundtrack)\15. Significant Precursor.flac,not-found,
Suzume (Motion Picture Soundtrack)\16. Sky Over Tokyo.flac,not-found,
Suzume (Motion Picture Soundtrack)\17. Suzume's Departure.flac,not-found,
Suzume (Motion Picture Soundtrack)\18. Possessed.flac,not-found,
Suzume (Motion Picture Soundtrack)\19. Double Riding.flac,not-found,
Suzume (Motion Picture Soundtrack)\20. It wasn't a dream.flac,not-found,
Suzume (Motion Picture Soundtrack)\23. To be with Sota.flac,not-found,
Suzume (Motion Picture Soundtrack)\22. Aftermath.flac,not-found,
Suzume (Motion Picture Soundtrack)\24. Prayer.flac,not-found,
Suzume (Motion Picture Soundtrack)\25. Closing the Door.flac,not-found,
Suzume (Motion Picture Soundtrack)\21. The Other Side of the Door.flac,not-found,
Suzume (Motion Picture Soundtrack)\28. Tamaki.flac,created-synced,RADWIMPS - Tamaki
Suzume (Motion Picture Soundtrack)\29. Tears of Suzume.flac,created-synced,RADWIMPS - Tears of Suzume
Teenage Blue\Teenage Blue.flac,created-synced,Eve - Teenage Blue
Suzume (Motion Picture Soundtrack)\26. KANATA HALUKA.flac,created-synced,RADWIMPS - KANATA HALUKA
Suzume (Motion Picture Soundtrack)\27. Suzume feat. Toaka.flac,created-synced,RADWIMPS - Suzume (feat. Toaka)
Thanks for Being So Lovable\Fate - Instrumental.flac,not-found,
Thanks for Being So Lovable\Thanks for Being So Lovable - Instrumental.flac,not-found,
Thanks for Being So Lovable\Fate.flac,not-found,
"Thanks for Being So Lovable\Fate - Kurumi, Iku, Mimimi, Ai Version.flac",not-found,
Thanks for Being So Lovable\Thanks for Being So Lovable.flac,not-found,
"The 100 Girlfriends Who Really, Really, Really, Really, REALLY Love You Original Soundtrack Vol. 1\A Fateful Encounter.flac",not-found,
"The 100 Girlfriends Who Really, Really, Really, Really, REALLY Love You Original Soundtrack Vol. 1\A Fateful Feeling.flac",not-found,
"The 100 Girlfriends Who Really, Really, Really, Really, REALLY Love You Original Soundtrack Vol. 1\(I Was Hoping We Could Get Along).flac",not-found,
"The 100 Girlfriends Who Really, Really, Really, Really, REALLY Love You Original Soundtrack Vol. 1\A Lonely Little Princess.flac",not-found,
"The 100 Girlfriends Who Really, Really, Really, Really, REALLY Love You Original Soundtrack Vol. 1\A Man Named Rentaro Aijo.flac",not-found,
"The 100 Girlfriends Who Really, Really, Really, Really, REALLY Love You Original Soundtrack Vol. 1\A Past That Won't Fade.flac",not-found,
"The 100 Girlfriends Who Really, Really, Really, Really, REALLY Love You Original Soundtrack Vol. 1\A Knight's Oath.flac",not-found,
"The 100 Girlfriends Who Really, Really, Really, Really, REALLY Love You Original Soundtrack Vol. 1\Approaching Terror.flac",not-found,
"The 100 Girlfriends Who Really, Really, Really, Really, REALLY Love You Original Soundtrack Vol. 1\An Unexpected Turn of Events.flac",not-found,
"The 100 Girlfriends Who Really, Really, Really, Really, REALLY Love You Original Soundtrack Vol. 1\Chaotic School Life.flac",not-found,
"The 100 Girlfriends Who Really, Really, Really, Really, REALLY Love You Original Soundtrack Vol. 1\A Perfect Plan!.flac",not-found,
"The 100 Girlfriends Who Really, Really, Really, Really, REALLY Love You Original Soundtrack Vol. 1\Because We're Friends.flac",not-found,
"The 100 Girlfriends Who Really, Really, Really, Really, REALLY Love You Original Soundtrack Vol. 1\Competitive Spirit Summoned.flac",not-found,
"The 100 Girlfriends Who Really, Really, Really, Really, REALLY Love You Original Soundtrack Vol. 1\Confession.flac",not-found,
"The 100 Girlfriends Who Really, Really, Really, Really, REALLY Love You Original Soundtrack Vol. 1\Dawn of Hope.flac",not-found,
"The 100 Girlfriends Who Really, Really, Really, Really, REALLY Love You Original Soundtrack Vol. 1\Hearts Passing Each Other By.flac",not-found,
"The 100 Girlfriends Who Really, Really, Really, Really, REALLY Love You Original Soundtrack Vol. 1\Exciting Colorful Time.flac",not-found,
"The 100 Girlfriends Who Really, Really, Really, Really, REALLY Love You Original Soundtrack Vol. 1\Falling in Love with Her Eyes.flac",not-found,
"The 100 Girlfriends Who Really, Really, Really, Really, REALLY Love You Original Soundtrack Vol. 1\I'm Hanazono Hahari, Hakari's Mother.flac",not-found,
"The 100 Girlfriends Who Really, Really, Really, Really, REALLY Love You Original Soundtrack Vol. 1\I'm Hanazono Hakari.flac",not-found,
"The 100 Girlfriends Who Really, Really, Really, Really, REALLY Love You Original Soundtrack Vol. 1\Illness Comes from Love.flac",not-found,
"The 100 Girlfriends Who Really, Really, Really, Really, REALLY Love You Original Soundtrack Vol. 1\I'm Naddy Sakaido.flac",not-found,
"The 100 Girlfriends Who Really, Really, Really, Really, REALLY Love You Original Soundtrack Vol. 1\I'm Kusuri Yakuzen from the Chemistry Club!.flac",not-found,
"The 100 Girlfriends Who Really, Really, Really, Really, REALLY Love You Original Soundtrack Vol. 1\Inescapable Fate.flac",not-found,
"The 100 Girlfriends Who Really, Really, Really, Really, REALLY Love You Original Soundtrack Vol. 1\Kiss Zombie Heart Panic.flac",not-found,
"The 100 Girlfriends Who Really, Really, Really, Really, REALLY Love You Original Soundtrack Vol. 1\It's Indoors, You Know.flac",not-found,
"The 100 Girlfriends Who Really, Really, Really, Really, REALLY Love You Original Soundtrack Vol. 1\Love and Hope.flac",not-found,
"The 100 Girlfriends Who Really, Really, Really, Really, REALLY Love You Original Soundtrack Vol. 1\Love Mission - Impossible.flac",not-found,
"The 100 Girlfriends Who Really, Really, Really, Really, REALLY Love You Original Soundtrack Vol. 1\Love Is Blind.flac",not-found,
"The 100 Girlfriends Who Really, Really, Really, Really, REALLY Love You Original Soundtrack Vol. 1\Love Is Thrill and Shock.flac",not-found,
"The 100 Girlfriends Who Really, Really, Really, Really, REALLY Love You Original Soundtrack Vol. 1\Lovers' Bar Time.flac",not-found,
"The 100 Girlfriends Who Really, Really, Really, Really, REALLY Love You Original Soundtrack Vol. 1\Matchmaking God Gone Wild.flac",not-found,
"The 100 Girlfriends Who Really, Really, Really, Really, REALLY Love You Original Soundtrack Vol. 1\Maiden Talk!.flac",not-found,
"The 100 Girlfriends Who Really, Really, Really, Really, REALLY Love You Original Soundtrack Vol. 1\Rentaro's Proposal.flac",not-found,
"The 100 Girlfriends Who Really, Really, Really, Really, REALLY Love You Original Soundtrack Vol. 1\My Bond with You.flac",not-found,
"The 100 Girlfriends Who Really, Really, Really, Really, REALLY Love You Original Soundtrack Vol. 1\Narration BGM!.flac",not-found,
"The 100 Girlfriends Who Really, Really, Really, Really, REALLY Love You Original Soundtrack Vol. 1\Showdown!.flac",not-found,
"The 100 Girlfriends Who Really, Really, Really, Really, REALLY Love You Original Soundtrack Vol. 1\Rooftop Lunch Time.flac",not-found,
"The 100 Girlfriends Who Really, Really, Really, Really, REALLY Love You Original Soundtrack Vol. 1\Rentaro-chan, Please Go Out with Me!!!!.flac",not-found,
"The 100 Girlfriends Who Really, Really, Really, Really, REALLY Love You Original Soundtrack Vol. 1\Sparkling Memories.flac",not-found,
"The 100 Girlfriends Who Really, Really, Really, Really, REALLY Love You Original Soundtrack Vol. 1\The Bouquet of Fate.flac",not-found,
"The 100 Girlfriends Who Really, Really, Really, Really, REALLY Love You Original Soundtrack Vol. 1\Spinning Merry-Go-Round.flac",not-found,
"The 100 Girlfriends Who Really, Really, Really, Really, REALLY Love You Original Soundtrack Vol. 1\The Two Pulled Apart.flac",not-found,
"The 100 Girlfriends Who Really, Really, Really, Really, REALLY Love You Original Soundtrack Vol. 1\Suite (Crown Love Story).flac",not-found,
"The 100 Girlfriends Who Really, Really, Really, Really, REALLY Love You Original Soundtrack Vol. 1\You Are Dead.flac",not-found,
"The 100 Girlfriends Who Really, Really, Really, Really, REALLY Love You Original Soundtrack Vol. 1\Young Lady vs. Tsundere.flac",not-found,
"The 100 Girlfriends Who Really, Really, Really, Really, REALLY Love You Original Soundtrack Vol. 1\This Is Kusuri's True Form.flac",not-found,
"The 100 Girlfriends Who Really, Really, Really, Really, REALLY Love You Original Soundtrack Vol. 1\Wacha-Wacha Days.flac",not-found,
"The 100 Girlfriends Who Really, Really, Really, Really, REALLY Love You Original Soundtrack Vol. 2\Confused Family.flac",not-found,
"The 100 Girlfriends Who Really, Really, Really, Really, REALLY Love You Original Soundtrack Vol. 2\But My Bangs Are.flac",not-found,
"The 100 Girlfriends Who Really, Really, Really, Really, REALLY Love You Original Soundtrack Vol. 2\Family Circle.flac",not-found,
"The 100 Girlfriends Who Really, Really, Really, Really, REALLY Love You Original Soundtrack Vol. 2\Baby Panic!.flac",not-found,
"The 100 Girlfriends Who Really, Really, Really, Really, REALLY Love You Original Soundtrack Vol. 2\Everyone's Mama, Yo Heart.flac",not-found,
"The 100 Girlfriends Who Really, Really, Really, Really, REALLY Love You Original Soundtrack Vol. 2\(Love) for You.flac",not-found,
"The 100 Girlfriends Who Really, Really, Really, Really, REALLY Love You Original Soundtrack Vol. 2\First-Year Girls' Baseball Club Member, Iku Sudo Here!.flac",not-found,
"The 100 Girlfriends Who Really, Really, Really, Really, REALLY Love You Original Soundtrack Vol. 2\Indomitable.flac",not-found,
"The 100 Girlfriends Who Really, Really, Really, Really, REALLY Love You Original Soundtrack Vol. 2\For the Girls!.flac",not-found,
"The 100 Girlfriends Who Really, Really, Really, Really, REALLY Love You Original Soundtrack Vol. 2\Hide-and-Seek at School.flac",not-found,
"The 100 Girlfriends Who Really, Really, Really, Really, REALLY Love You Original Soundtrack Vol. 2\Kurukuru's Irritation.flac",not-found,
"The 100 Girlfriends Who Really, Really, Really, Really, REALLY Love You Original Soundtrack Vol. 2\I Am Misugi Mimimi.flac",not-found,
"The 100 Girlfriends Who Really, Really, Really, Really, REALLY Love You Original Soundtrack Vol. 2\My Eyes... They're Awfully Magnificent...!.flac",not-found,
"The 100 Girlfriends Who Really, Really, Really, Really, REALLY Love You Original Soundtrack Vol. 2\Opening! Food Fight Festival.flac",not-found,
"The 100 Girlfriends Who Really, Really, Really, Really, REALLY Love You Original Soundtrack Vol. 2\Practice Never Betrays You.flac",not-found,
"The 100 Girlfriends Who Really, Really, Really, Really, REALLY Love You Original Soundtrack Vol. 2\Nonstop Girls.flac",not-found,
"The 100 Girlfriends Who Really, Really, Really, Really, REALLY Love You Original Soundtrack Vol. 2\Relaxed Date.flac",not-found,
"The 100 Girlfriends Who Really, Really, Really, Really, REALLY Love You Original Soundtrack Vol. 2\The Devil's Whisper.flac",not-found,
"The 100 Girlfriends Who Really, Really, Really, Really, REALLY Love You Original Soundtrack Vol. 2\Third-Year Middle Schooler... Haraga Kurumi.flac",not-found,
"The 100 Girlfriends Who Really, Really, Really, Really, REALLY Love You Original Soundtrack Vol. 2\The Miracle with You.flac",not-found,
"The 100 Girlfriends Who Really, Really, Really, Really, REALLY Love You Original Soundtrack Vol. 2\The Melancholy of a Tsundere Maiden.flac",not-found,
The Anthem of the Heart Original Soundtrack\Disc 1\Becoming Connected.flac,not-found,
"The 100 Girlfriends Who Really, Really, Really, Really, REALLY Love You Original Soundtrack Vol. 2\Tsundere Factor Absorption Operation.flac",not-found,
"The 100 Girlfriends Who Really, Really, Really, Really, REALLY Love You Original Soundtrack Vol. 2\Vs. Hifumi Karyu.flac",not-found,
"The 100 Girlfriends Who Really, Really, Really, Really, REALLY Love You Original Soundtrack Vol. 2\Why Are These People.flac",not-found,
The Anthem of the Heart Original Soundtrack\Disc 1\Cry Out.flac,not-found,
The Anthem of the Heart Original Soundtrack\Disc 1\Because of You.flac,not-found,
The Anthem of the Heart Original Soundtrack\Disc 1\Castle of Longing.flac,not-found,
The Anthem of the Heart Original Soundtrack\Disc 1\Cultural Exchange Committee!.flac,not-found,
The Anthem of the Heart Original Soundtrack\Disc 1\Heartbeat.flac,not-found,
The Anthem of the Heart Original Soundtrack\Disc 1\Feelings That Never Reached You.flac,not-found,
The Anthem of the Heart Original Soundtrack\Disc 1\Honest Feelings.flac,not-found,
The Anthem of the Heart Original Soundtrack\Disc 1\Harmonia.flac,not-found,
The Anthem of the Heart Original Soundtrack\Disc 1\Grandmother.flac,not-found,
The Anthem of the Heart Original Soundtrack\Disc 1\It's Not Like That.flac,not-found,
The Anthem of the Heart Original Soundtrack\Disc 1\It Doesn't Hurt.flac,not-found,
The Anthem of the Heart Original Soundtrack\Disc 1\I Can't Sing Anymore.flac,not-found,
The Anthem of the Heart Original Soundtrack\Disc 1\I Want Words.flac,not-found,
The Anthem of the Heart Original Soundtrack\Disc 1\Looming Punishment.flac,not-found,
The Anthem of the Heart Original Soundtrack\Disc 1\Morning Conversation.flac,not-found,
The Anthem of the Heart Original Soundtrack\Disc 1\Mother and Child.flac,not-found,
The Anthem of the Heart Original Soundtrack\Disc 1\Toro.flac,not-found,
The Anthem of the Heart Original Soundtrack\Disc 1\My Prince.flac,not-found,
The Anthem of the Heart Original Soundtrack\Disc 1\The Sin of Words.flac,not-found,
The Anthem of the Heart Original Soundtrack\Disc 1\The Prince's Sorrow.flac,not-found,
The Anthem of the Heart Original Soundtrack\Disc 1\They Saw Into My Heart.flac,not-found,
The Anthem of the Heart Original Soundtrack\Disc 1\Useless Clunker.flac,not-found,
The Anthem of the Heart Original Soundtrack\Disc 1\What I Want to Tell You.flac,not-found,
The Anthem of the Heart Original Soundtrack\Disc 1\Words Hurt People.flac,not-found,
The Anthem of the Heart Original Soundtrack\Disc 1\Words That Can't Be Taken Back.flac,not-found,
The Anthem of the Heart Original Soundtrack\Disc 2\A Room Without Light.flac,not-found,
The Anthem of the Heart Original Soundtrack\Disc 2\A Room Without Light (Instrumental).flac,not-found,
The Anthem of the Heart Original Soundtrack\Disc 2\Burn Bright.flac,not-found,
The Anthem of the Heart Original Soundtrack\Disc 2\Burn Bright (Instrumental).flac,not-found,
The Anthem of the Heart Original Soundtrack\Disc 2\My Heart Cries Out ~ Calling Your Name ~.flac,not-found,
The Anthem of the Heart Original Soundtrack\Disc 2\My Voice.flac,not-found,
The Anthem of the Heart Original Soundtrack\Disc 2\Over the Rainbow.flac,not-found,
The Anthem of the Heart Original Soundtrack\Disc 2\My Voice (Instrumental).flac,not-found,
The Anthem of the Heart Original Soundtrack\Disc 2\Over the Rainbow (Instrumental).flac,not-found,
The Anthem of the Heart Original Soundtrack\Disc 2\My Heart Cries Out ~ Calling Your Name ~ (Instrumental).flac,not-found,
The Anthem of the Heart Original Soundtrack\Disc 2\Word Word Word.flac,not-found,
The Anthem of the Heart Original Soundtrack\Disc 2\The Ball of Longing (Instrumental).flac,not-found,
The Anthem of the Heart Original Soundtrack\Disc 2\Word Word Word (Instrumental).flac,not-found,
The Anthem of the Heart Original Soundtrack\Disc 2\The Ball of Longing.flac,not-found,
The Anthem of the Heart Original Soundtrack\Disc 2\What's Inside the Egg.flac,not-found,
The Anthem of the Heart Original Soundtrack\Disc 2\What's Inside the Egg (Instrumental).flac,not-found,
The Dangers in My Heart Original Soundtrack\Disc 1\Countdown to Death.flac,not-found,
The Dangers in My Heart Original Soundtrack\Disc 1\Explanation.flac,not-found,
The Dangers in My Heart Original Soundtrack\Disc 1\A Date for Two.flac,not-found,
The Dangers in My Heart Original Soundtrack\Disc 1\From the Bottom of My Heart.flac,not-found,
The Dangers in My Heart Original Soundtrack\Disc 1\Bad Vibes.flac,not-found,
The Dangers in My Heart Original Soundtrack\Disc 1\Gentle Heart.flac,not-found,
The Dangers in My Heart Original Soundtrack\Disc 1\Go Straight.flac,not-found,
The Dangers in My Heart Original Soundtrack\Disc 1\Gentle Ending.flac,not-found,
The Dangers in My Heart Original Soundtrack\Disc 1\Grow Apart.flac,not-found,
The Dangers in My Heart Original Soundtrack\Disc 1\Happiness.flac,not-found,
The Dangers in My Heart Original Soundtrack\Disc 1\Hearts Get Closer.flac,not-found,
The Dangers in My Heart Original Soundtrack\Disc 1\Happy Days.flac,not-found,
"The Dangers in My Heart Original Soundtrack\Disc 1\Hey, Girls.flac",not-found,
The Dangers in My Heart Original Soundtrack\Disc 1\Ichikawa Fantasizes.flac,not-found,
"The Dangers in My Heart Original Soundtrack\Disc 1\Hey, Boys.flac",not-found,
The Dangers in My Heart Original Soundtrack\Disc 1\Ichikawa Gets Irritated.flac,not-found,
The Dangers in My Heart Original Soundtrack\Disc 1\In the Classroom.flac,not-found,
The Dangers in My Heart Original Soundtrack\Disc 1\It Begins.flac,not-found,
The Dangers in My Heart Original Soundtrack\Disc 1\Milk Tea.flac,not-found,
The Dangers in My Heart Original Soundtrack\Disc 1\Missing.flac,not-found,
The Dangers in My Heart Original Soundtrack\Disc 1\Imaginary Kyo.flac,not-found,
The Dangers in My Heart Original Soundtrack\Disc 1\Memories.flac,not-found,
The Dangers in My Heart Original Soundtrack\Disc 1\Our Gradation.flac,not-found,
The Dangers in My Heart Original Soundtrack\Disc 1\Restless Heart.flac,not-found,
The Dangers in My Heart Original Soundtrack\Disc 1\Senpai!.flac,not-found,
The Dangers in My Heart Original Soundtrack\Disc 1\Our Conversation.flac,not-found,
The Dangers in My Heart Original Soundtrack\Disc 1\Sidekick.flac,not-found,
The Dangers in My Heart Original Soundtrack\Disc 1\Sadness.flac,not-found,
The Dangers in My Heart Original Soundtrack\Disc 1\Self-Conscious.flac,not-found,
The Dangers in My Heart Original Soundtrack\Disc 1\sweet devil.flac,not-found,
The Dangers in My Heart Original Soundtrack\Disc 1\the shine.flac,not-found,
The Dangers in My Heart Original Soundtrack\Disc 1\the dangers in my heart.flac,not-found,
The Dangers in My Heart Original Soundtrack\Disc 1\Sigh.flac,not-found,
The Dangers in My Heart Original Soundtrack\Disc 1\snuggling up.flac,not-found,
The Dangers in My Heart Original Soundtrack\Disc 1\thinking.flac,not-found,
The Dangers in My Heart Original Soundtrack\Disc 1\upset!.flac,not-found,
The Dangers in My Heart Original Soundtrack\Disc 2\a thing.flac,not-found,
The Dangers in My Heart Original Soundtrack\Disc 2\anxiety and relief.flac,not-found,
The Dangers in My Heart Original Soundtrack\Disc 1\What Should I Do.flac,not-found,
The Dangers in My Heart Original Soundtrack\Disc 1\Yamada's Theme.flac,not-found,
The Dangers in My Heart Original Soundtrack\Disc 2\come running.flac,not-found,
The Dangers in My Heart Original Soundtrack\Disc 2\desperate schoolboys ii.flac,not-found,
The Dangers in My Heart Original Soundtrack\Disc 2\can't stop looking at you.flac,not-found,
The Dangers in My Heart Original Soundtrack\Disc 2\damn it!.flac,not-found,
The Dangers in My Heart Original Soundtrack\Disc 2\dokidoki.flac,not-found,
The Dangers in My Heart Original Soundtrack\Disc 2\conflict.flac,not-found,
The Dangers in My Heart Original Soundtrack\Disc 2\desperate schoolboys.flac,not-found,
The Dangers in My Heart Original Soundtrack\Disc 2\farewell address.flac,not-found,
The Dangers in My Heart Original Soundtrack\Disc 2\I think dearly of you.flac,not-found,
The Dangers in My Heart Original Soundtrack\Disc 2\I will come to you.flac,not-found,
The Dangers in My Heart Original Soundtrack\Disc 2\Kana's theme.flac,not-found,
The Dangers in My Heart Original Soundtrack\Disc 2\jealous.flac,not-found,
The Dangers in My Heart Original Soundtrack\Disc 2\our emotions.flac,not-found,
The Dangers in My Heart Original Soundtrack\Disc 2\heart beating-fast.flac,not-found,
The Dangers in My Heart Original Soundtrack\Disc 2\seriously troubled.flac,not-found,
The Dangers in My Heart Original Soundtrack\Disc 2\shoot.flac,not-found,
The Dangers in My Heart Original Soundtrack\Disc 2\suspicious relationships.flac,not-found,
The Dangers in My Heart Original Soundtrack\Disc 2\true feeling.flac,not-found,
The Dangers in My Heart Original Soundtrack\Disc 2\true.flac,not-found,
The Dangers in My Heart Original Soundtrack\Disc 2\the dangers in our hearts.flac,not-found,
The Dangers in My Heart Original Soundtrack\Disc 2\two of us.flac,not-found,
The Dreaming Boy Is a Realist Original Soundtrack\Disc 1\Anger.flac,not-found,
The Dreaming Boy Is a Realist Original Soundtrack\Disc 1\Best Friend.flac,not-found,
The Dreaming Boy Is a Realist Original Soundtrack\Disc 1\After School.flac,not-found,
The Dreaming Boy Is a Realist Original Soundtrack\Disc 1\Awareness.flac,not-found,
The Dreaming Boy Is a Realist Original Soundtrack\Disc 1\Courage.flac,not-found,
The Dreaming Boy Is a Realist Original Soundtrack\Disc 1\Conflict.flac,not-found,
The Dreaming Boy Is a Realist Original Soundtrack\Disc 1\Dream.flac,not-found,
The Dreaming Boy Is a Realist Original Soundtrack\Disc 1\Fun.flac,not-found,
The Dreaming Boy Is a Realist Original Soundtrack\Disc 1\Feelings I Can't Stop.flac,not-found,
The Dreaming Boy Is a Realist Original Soundtrack\Disc 1\Classmate.flac,not-found,
The Dreaming Boy Is a Realist Original Soundtrack\Disc 1\Bookstore.flac,not-found,
The Dreaming Boy Is a Realist Original Soundtrack\Disc 1\Heart Pounding.flac,not-found,
The Dreaming Boy Is a Realist Original Soundtrack\Disc 1\Giving Up.flac,not-found,
The Dreaming Boy Is a Realist Original Soundtrack\Disc 1\Joy.flac,not-found,
The Dreaming Boy Is a Realist Original Soundtrack\Disc 1\Jealousy.flac,not-found,
The Dreaming Boy Is a Realist Original Soundtrack\Disc 1\Regret.flac,not-found,
The Dreaming Boy Is a Realist Original Soundtrack\Disc 1\Reality.flac,not-found,
The Dreaming Boy Is a Realist Original Soundtrack\Disc 1\Honor Student.flac,not-found,
The Dreaming Boy Is a Realist Original Soundtrack\Disc 1\Just the Two of Us.flac,not-found,
The Dreaming Boy Is a Realist Original Soundtrack\Disc 1\Sadness.flac,not-found,
The Dreaming Boy Is a Realist Original Soundtrack\Disc 1\Public Morals Committee.flac,not-found,
The Dreaming Boy Is a Realist Original Soundtrack\Disc 1\School Route.flac,not-found,
The Dreaming Boy Is a Realist Original Soundtrack\Disc 1\School.flac,not-found,
The Dreaming Boy Is a Realist Original Soundtrack\Disc 1\Summer Vacation.flac,not-found,
The Dreaming Boy Is a Realist Original Soundtrack\Disc 1\Tension.flac,not-found,
The Dreaming Boy Is a Realist Original Soundtrack\Disc 1\Student Council.flac,not-found,
The Dreaming Boy Is a Realist Original Soundtrack\Disc 2\Everyday Life.flac,not-found,
The Dreaming Boy Is a Realist Original Soundtrack\Disc 2\Closing Distance.flac,not-found,
The Dreaming Boy Is a Realist Original Soundtrack\Disc 2\Fireworks.flac,not-found,
The Dreaming Boy Is a Realist Original Soundtrack\Disc 2\Comical.flac,not-found,
The Dreaming Boy Is a Realist Original Soundtrack\Disc 2\Eyecatch 2.flac,not-found,
The Dreaming Boy Is a Realist Original Soundtrack\Disc 2\Kindness.flac,not-found,
The Dreaming Boy Is a Realist Original Soundtrack\Disc 2\Lonely.flac,not-found,
The Dreaming Boy Is a Realist Original Soundtrack\Disc 2\Eyecatch 3.flac,not-found,
The Dreaming Boy Is a Realist Original Soundtrack\Disc 2\Eyecatch 1.flac,not-found,
The Dreaming Boy Is a Realist Original Soundtrack\Disc 2\Flustered.flac,not-found,
The Dreaming Boy Is a Realist Original Soundtrack\Disc 2\Next Episode Preview.flac,not-found,
The Dreaming Boy Is a Realist Original Soundtrack\Disc 2\Message.flac,not-found,
The Dreaming Boy Is a Realist Original Soundtrack\Disc 2\Older Girl.flac,not-found,
The Dreaming Boy Is a Realist Original Soundtrack\Disc 2\Serious.flac,not-found,
The Dreaming Boy Is a Realist Original Soundtrack\Disc 2\Growth.flac,not-found,
The Dreaming Boy Is a Realist Original Soundtrack\Disc 2\The Past.flac,not-found,
The Dreaming Boy Is a Realist Original Soundtrack\Disc 2\Summer Mirage.flac,not-found,
The Dreaming Boy Is a Realist Original Soundtrack\Disc 2\On the Verge of an Outburst.flac,not-found,
The Dreaming Boy Is a Realist Original Soundtrack\Disc 2\Restless.flac,not-found,
The Dreaming Boy Is a Realist Original Soundtrack\Disc 2\This Is Bad.flac,not-found,
The Fragrant Flower Blooms With Dignity Music Collection\Bubbly Mess!.flac,not-found,
The Fragrant Flower Blooms With Dignity Music Collection\A Moment for Tea.flac,not-found,
The Fragrant Flower Blooms With Dignity Music Collection\Beyond the Curtain.flac,not-found,
The Fragrant Flower Blooms With Dignity Music Collection\Boy Talk.flac,not-found,
The Fragrant Flower Blooms With Dignity Music Collection\Detour for Two.flac,not-found,
The Fragrant Flower Blooms With Dignity Music Collection\Flowering.flac,not-found,
The Fragrant Flower Blooms With Dignity Music Collection\Expressions of Friendship.flac,not-found,
The Dreaming Boy Is a Realist Original Soundtrack\Disc 2\Young Lady.flac,not-found,
The Fragrant Flower Blooms With Dignity Music Collection\Chiffon Cake Kind of Day.flac,not-found,
The Fragrant Flower Blooms With Dignity Music Collection\Haze of Feelings.flac,not-found,
The Fragrant Flower Blooms With Dignity Music Collection\Ice Knife.flac,not-found,
The Fragrant Flower Blooms With Dignity Music Collection\Layers of Love.flac,not-found,
The Fragrant Flower Blooms With Dignity Music Collection\High School Life!.flac,not-found,
The Fragrant Flower Blooms With Dignity Music Collection\Prejudice and Conflict.flac,not-found,
The Fragrant Flower Blooms With Dignity Music Collection\Quiet Warmth.flac,not-found,
The Fragrant Flower Blooms With Dignity Music Collection\Petal.flac,not-found,
The Fragrant Flower Blooms With Dignity Music Collection\In Spring (Kikyo Private Academy Girls' High School Version).flac,not-found,
The Fragrant Flower Blooms With Dignity Music Collection\Refined Girls' High School.flac,not-found,
The Fragrant Flower Blooms With Dignity Music Collection\Rintaro and Kaoruko.flac,not-found,
The Fragrant Flower Blooms With Dignity Music Collection\Serene Morning.flac,not-found,
The Fragrant Flower Blooms With Dignity Music Collection\Rintaro's Memory.flac,not-found,
The Fragrant Flower Blooms With Dignity Music Collection\Shortcake Kind of Day.flac,not-found,
The Fragrant Flower Blooms With Dignity Music Collection\Rumors.flac,not-found,
The Fragrant Flower Blooms With Dignity Music Collection\Sincerely.flac,not-found,
The Fragrant Flower Blooms With Dignity Music Collection\Struggling Boys' High School.flac,not-found,
The Fragrant Flower Blooms With Dignity Music Collection\STARLIGHT.flac,not-found,
The Fragrant Flower Blooms With Dignity Music Collection\Whispers of Spring.flac,not-found,
The Fragrant Flower Blooms With Dignity Music Collection\Study mode- ON!.flac,not-found,
The Garden of Words Original Soundtrack\A Rainy Morning ~ Main Title ~.flac,not-found,
The Fragrant Flower Blooms With Dignity Music Collection\Whispers of F Coming.flac,not-found,
The Garden of Words Original Soundtrack\A Silent Summer.flac,not-found,
The Garden of Words Original Soundtrack\A Rainy Morning ~ Epilogue ~.flac,not-found,
The Garden of Words Original Soundtrack\The Afternoon of a Rainy Day.flac,not-found,
The Garden of Words Original Soundtrack\Greenery Rain.flac,not-found,
The Garden of Words Original Soundtrack\While Hearing the Sound of Rain.flac,not-found,
The Garden of Words Original Soundtrack\Rain of Recollection.flac,not-found,
The Quintessential Quintuplets 2 Original Soundtrack Vol. 2\A Big Decision.flac,not-found,
The Quintessential Quintuplets 2 Original Soundtrack Vol. 2\A Heart-Pounding Distance.flac,not-found,
The Quintessential Quintuplets 2 Original Soundtrack Vol. 2\A Sense of Security.flac,not-found,
The Quintessential Quintuplets 2 Original Soundtrack Vol. 2\An Unexpected Turn.flac,not-found,
The Quintessential Quintuplets 2 Original Soundtrack Vol. 2\At School.flac,not-found,
The Quintessential Quintuplets 2 Original Soundtrack Vol. 2\Hope.flac,not-found,
The Quintessential Quintuplets 2 Original Soundtrack Vol. 2\Feelings for Mother.flac,not-found,
The Quintessential Quintuplets 2 Original Soundtrack Vol. 2\Crafty Scheme.flac,not-found,
The Quintessential Quintuplets 2 Original Soundtrack Vol. 2\I Can't Be Honest.flac,not-found,
The Quintessential Quintuplets 2 Original Soundtrack Vol. 2\First Love - Strings & Piano Arrange -.flac,not-found,
The Quintessential Quintuplets 2 Original Soundtrack Vol. 2\Pursuit.flac,not-found,
The Quintessential Quintuplets 2 Original Soundtrack Vol. 2\No Way.flac,not-found,
The Quintessential Quintuplets 2 Original Soundtrack Vol. 2\I'm the Only One Who Still Can't Forget.flac,not-found,
The Quintessential Quintuplets 2 Original Soundtrack Vol. 2\Passionate Guidance.flac,not-found,
The Quintessential Quintuplets 2 Original Soundtrack Vol. 2\Sisters Chat.flac,not-found,
The Quintessential Quintuplets 2 Original Soundtrack Vol. 2\I Wonder If You Can Rely on Me.flac,not-found,
The Quintessential Quintuplets 2 Original Soundtrack Vol. 2\Painful Feelings.flac,not-found,
The Quintessential Quintuplets 2 Original Soundtrack Vol. 2\The Culprit Is.flac,not-found,
The Quintessential Quintuplets 2 Original Soundtrack Vol. 2\Uneasy Atmosphere.flac,not-found,
The Quintessential Quintuplets 2 Original Soundtrack Vol. 2\The Quintessential Quintuplets 2 - Red Marks -.flac,not-found,
"The Quintessential Quintuplets 2 Original Soundtrack Vol. 2\This Time, I'll Tell You.flac",not-found,
The Quintessential Quintuplets 2 Original Soundtrack Vol. 2\The Shape of Quintuplets - Strings & Piano Arrange -.flac,not-found,
The Quintessential Quintuplets 2 Original Soundtrack Vol. 2\There's No Time...!.flac,not-found,
The Quintessential Quintuplets 2 Original Soundtrack Vol. 2\The Quintessential Quintuplets 2 - Sadness -.flac,not-found,
The Quintessential Quintuplets Movie Original Soundtrack\A Choice.flac,not-found,
The Quintessential Quintuplets Movie Original Soundtrack\A Childhood Dream.flac,not-found,
The Quintessential Quintuplets 2 Original Soundtrack Vol. 2\What Should I Do.flac,not-found,
The Quintessential Quintuplets 2 Original Soundtrack Vol. 2\When I Think Back.flac,not-found,
The Quintessential Quintuplets Movie Original Soundtrack\A Step Toward My Dream.flac,not-found,
The Quintessential Quintuplets Movie Original Soundtrack\Aiming for the Dream.flac,not-found,
The Quintessential Quintuplets Movie Original Soundtrack\Again and Again.flac,not-found,
The Quintessential Quintuplets Movie Original Soundtrack\Because I Love You All Equally.flac,not-found,
The Quintessential Quintuplets Movie Original Soundtrack\A Place of Memories.flac,not-found,
The Quintessential Quintuplets Movie Original Soundtrack\Being Together as Five.flac,not-found,
The Quintessential Quintuplets Movie Original Soundtrack\Believe in Futaro.flac,not-found,
The Quintessential Quintuplets Movie Original Soundtrack\Class Conflict.flac,not-found,
The Quintessential Quintuplets Movie Original Soundtrack\Believe in Me.flac,not-found,
The Quintessential Quintuplets Movie Original Soundtrack\Family.flac,not-found,
The Quintessential Quintuplets Movie Original Soundtrack\Everyone Stays the Same.flac,not-found,
The Quintessential Quintuplets Movie Original Soundtrack\Each Person's Feelings.flac,not-found,
The Quintessential Quintuplets Movie Original Soundtrack\Honest Feelings.flac,not-found,
The Quintessential Quintuplets Movie Original Soundtrack\Everything Will Be Rewarded!.flac,not-found,
The Quintessential Quintuplets Movie Original Soundtrack\Feelings for Father.flac,not-found,
The Quintessential Quintuplets Movie Original Soundtrack\For My Sake.flac,not-found,
The Quintessential Quintuplets Movie Original Soundtrack\Give and Take.flac,not-found,
The Quintessential Quintuplets Movie Original Soundtrack\I Don't Want to Worry You.flac,not-found,
The Quintessential Quintuplets Movie Original Soundtrack\I Came to See You.flac,not-found,
The Quintessential Quintuplets Movie Original Soundtrack\I Was Dreaming.flac,not-found,
The Quintessential Quintuplets Movie Original Soundtrack\I Won't Choose Anyone.flac,not-found,
The Quintessential Quintuplets Movie Original Soundtrack\I Love All Five of You.flac,not-found,
The Quintessential Quintuplets Movie Original Soundtrack\For the Class.flac,not-found,
The Quintessential Quintuplets Movie Original Soundtrack\I Won't Rely on Memories of You Anymore.flac,not-found,
The Quintessential Quintuplets Movie Original Soundtrack\I Won't Hesitate Anymore.flac,not-found,
The Quintessential Quintuplets Movie Original Soundtrack\I've Always Loved You.flac,not-found,
The Quintessential Quintuplets Movie Original Soundtrack\I'll Be Waiting for You.flac,not-found,
"The Quintessential Quintuplets Movie Original Soundtrack\I-I Like You, That's Why!!.flac",not-found,
The Quintessential Quintuplets Movie Original Soundtrack\If There's Love.flac,not-found,
"The Quintessential Quintuplets Movie Original Soundtrack\If We're Doing This, Then Thoroughly!.flac",not-found,
The Quintessential Quintuplets Movie Original Soundtrack\Like Fathers of Two.flac,not-found,
The Quintessential Quintuplets Movie Original Soundtrack\Quintuplets.flac,not-found,
The Quintessential Quintuplets Movie Original Soundtrack\Mother's Back.flac,not-found,
The Quintessential Quintuplets Movie Original Soundtrack\No Matter What Happens.flac,not-found,
The Quintessential Quintuplets Movie Original Soundtrack\Love Is About Taking the Offensive.flac,not-found,
The Quintessential Quintuplets Movie Original Soundtrack\Match.flac,not-found,
The Quintessential Quintuplets Movie Original Soundtrack\Something I Want You to Hear.flac,not-found,
The Quintessential Quintuplets Movie Original Soundtrack\Reunion at the School Festival.flac,not-found,
The Quintessential Quintuplets Movie Original Soundtrack\The Penguin Show.flac,not-found,
The Quintessential Quintuplets Movie Original Soundtrack\The Morning of the Wedding.flac,not-found,
The Quintessential Quintuplets Movie Original Soundtrack\The Quintuplets Game Final.flac,not-found,
The Quintessential Quintuplets Movie Original Soundtrack\The Quintessential Quintuplets ~The Flower of Thanks~ Wedding Version.flac,not-found,
"The Quintessential Quintuplets Movie Original Soundtrack\Those Memories, These Feelings.flac",not-found,
The Quintessential Quintuplets Movie Original Soundtrack\To Papa.flac,not-found,
"The Quintessential Quintuplets Movie Original Soundtrack\Still, No One Belongs to Anyone.flac",not-found,
The Quintessential Quintuplets Movie Original Soundtrack\The Taste of Memories.flac,not-found,
The Quintessential Quintuplets Movie Original Soundtrack\Unbearable Feelings.flac,not-found,
The Quintessential Quintuplets Movie Original Soundtrack\Toward the Future.flac,not-found,
The Quintessential Quintuplets Movie Original Soundtrack\With Everyone's Strength.flac,not-found,
The Quintessential Quintuplets Original Soundtrack\A Bad Feeling.flac,not-found,
The Quintessential Quintuplets Original Soundtrack\A Swaying Heart.flac,not-found,
The Quintessential Quintuplets Original Soundtrack\Chase!.flac,not-found,
The Quintessential Quintuplets Original Soundtrack\Bravery.flac,not-found,
The Quintessential Quintuplets Original Soundtrack\Cooking Showdown!!.flac,not-found,
The Quintessential Quintuplets Original Soundtrack\Everyone's Resolve.flac,not-found,
The Quintessential Quintuplets Original Soundtrack\Emergency!.flac,not-found,
The Quintessential Quintuplets Original Soundtrack\Dreamy Maiden.flac,not-found,
The Quintessential Quintuplets Original Soundtrack\Futaro Gets Dragged Around.flac,not-found,
The Quintessential Quintuplets Original Soundtrack\Exam Start.flac,not-found,
The Quintessential Quintuplets Original Soundtrack\Futaro's Theme.flac,not-found,
The Quintessential Quintuplets Original Soundtrack\Ichika's Theme.flac,not-found,
The Quintessential Quintuplets Original Soundtrack\Hope and Anxiety.flac,not-found,
The Quintessential Quintuplets Original Soundtrack\Heart Pounding.flac,not-found,
The Quintessential Quintuplets Original Soundtrack\Itsuki's Theme.flac,not-found,
The Quintessential Quintuplets Original Soundtrack\Irritated.flac,not-found,
The Quintessential Quintuplets Original Soundtrack\Little Devil's Trap.flac,not-found,
The Quintessential Quintuplets Original Soundtrack\Love Voltage Rising!.flac,not-found,
The Quintessential Quintuplets Original Soundtrack\Miku's Theme.flac,not-found,
The Quintessential Quintuplets Original Soundtrack\Neo Wedding March.flac,not-found,
The Quintessential Quintuplets Original Soundtrack\Memories of Mother.flac,not-found,
The Quintessential Quintuplets Original Soundtrack\Nino's Theme.flac,not-found,
The Quintessential Quintuplets Original Soundtrack\School Life.flac,not-found,
The Quintessential Quintuplets Original Soundtrack\Raiha's Theme.flac,not-found,
The Quintessential Quintuplets Original Soundtrack\Restless Futaro.flac,not-found,
The Quintessential Quintuplets Original Soundtrack\Sentimental.flac,not-found,
The Quintessential Quintuplets Original Soundtrack\Temptation Suspense.flac,not-found,
The Quintessential Quintuplets Original Soundtrack\Strong!!.flac,not-found,
The Quintessential Quintuplets Original Soundtrack\Test of Courage.flac,not-found,
The Quintessential Quintuplets Original Soundtrack\That Mouth Never Stops.flac,not-found,
The Quintessential Quintuplets Original Soundtrack\That's Suggestive.flac,not-found,
The Quintessential Quintuplets Original Soundtrack\The Quintessential Quintuplets.flac,not-found,
The Quintessential Quintuplets Original Soundtrack\The Quintessential Quintuplets - Everyday Life -.flac,not-found,
The Quintessential Quintuplets Original Soundtrack\The Quintuplets' Father Theme.flac,not-found,
The Quintessential Quintuplets Original Soundtrack\The Quintuplets' Theme - Everyday Life -.flac,not-found,
The Quintessential Quintuplets Original Soundtrack\The Quintuplets Run the Show.flac,not-found,
The Quintessential Quintuplets Original Soundtrack\The Quintuplets' Theme - Guaranteed Red Marks! -.flac,not-found,
The Quintessential Quintuplets Original Soundtrack\The Quintuplets' Theme.flac,not-found,
The Quintessential Quintuplets Original Soundtrack\The Quintuplets' Theme - Family Love -.flac,not-found,
The Quintessential Quintuplets Original Soundtrack\This Atmosphere Is Bad.flac,not-found,
The Quintessential Quintuplets Original Soundtrack\Troubles.flac,not-found,
The Quintessential Quintuplets Original Soundtrack\Trick and Be Tricked.flac,not-found,
The Quintessential Quintuplets Original Soundtrack\We're Late!!.flac,not-found,
The Quintessential Quintuplets Specials Original Soundtrack\A Maiden's Heart.flac,not-found,
The Quintessential Quintuplets Original Soundtrack\United as One.flac,not-found,
The Quintessential Quintuplets Original Soundtrack\Warlord Sengoku Quiz.flac,not-found,
The Quintessential Quintuplets Specials Original Soundtrack\Album.flac,not-found,
The Quintessential Quintuplets Specials Original Soundtrack\All in a Flurry.flac,not-found,
The Quintessential Quintuplets Original Soundtrack\Yotsuba's Theme.flac,not-found,
The Quintessential Quintuplets Original Soundtrack\What a Weirdo.flac,not-found,
"The Quintessential Quintuplets Specials Original Soundtrack\Fuu-kun, Please Don't Go Missing.flac",not-found,
The Quintessential Quintuplets Specials Original Soundtrack\Ever Since Before.flac,not-found,
The Quintessential Quintuplets Specials Original Soundtrack\Fun at the Beach.flac,not-found,
"The Quintessential Quintuplets Specials Original Soundtrack\Hurry Up, Uesugi.flac",not-found,
The Quintessential Quintuplets Specials Original Soundtrack\I Found Something Like This.flac,not-found,
The Quintessential Quintuplets Specials Original Soundtrack\I Think Some Things Only Make Sense Once You Try.flac,not-found,
"The Quintessential Quintuplets Specials Original Soundtrack\If Pushing Fails, Pull Back.flac",not-found,
The Quintessential Quintuplets Specials Original Soundtrack\Summer Vacation.flac,not-found,
The Quintessential Quintuplets Specials Original Soundtrack\I Wanted to See You~!.flac,not-found,
The Quintessential Quintuplets Specials Original Soundtrack\Playing House with Kiku-chan.flac,not-found,
The Quintessential Quintuplets Specials Original Soundtrack\Raiha's Plan.flac,not-found,
The Quintessential Quintuplets Specials Original Soundtrack\That Warm Heart Melted Me.flac,not-found,
The Quintessential Quintuplets Specials Original Soundtrack\Uesugi-kun!.flac,not-found,
The Quintessential Quintuplets Specials Original Soundtrack\The Six of Us Like This.flac,not-found,
The Quintessential Quintuplets Star Original Soundtrack\A Strange Encounter.flac,not-found,
The Quintessential Quintuplets Specials Original Soundtrack\This Is the Final Exam!!.flac,not-found,
The Quintessential Quintuplets Star Original Soundtrack\Acting Separately.flac,not-found,
The Quintessential Quintuplets Star Original Soundtrack\A Request After a Long Time.flac,not-found,
The Quintessential Quintuplets Star Original Soundtrack\Because All My Sisters Are Here.flac,not-found,
The Quintessential Quintuplets Star Original Soundtrack\Do Your Best.flac,not-found,
"The Quintessential Quintuplets Star Original Soundtrack\Alright, You're Next!.flac",not-found,
The Quintessential Quintuplets Star Original Soundtrack\Big Swap Operation Part 2.flac,not-found,
The Quintessential Quintuplets Star Original Soundtrack\Each Day.flac,not-found,
The Quintessential Quintuplets Star Original Soundtrack\How's This.flac,not-found,
The Quintessential Quintuplets Star Original Soundtrack\Competition Until the End.flac,not-found,
The Quintessential Quintuplets Star Original Soundtrack\Each Person's Worries.flac,not-found,
The Quintessential Quintuplets Star Original Soundtrack\Emergency Assembly.flac,not-found,
The Quintessential Quintuplets Star Original Soundtrack\Let's Try It!.flac,not-found,
The Quintessential Quintuplets Star Original Soundtrack\Perfect Plan.flac,not-found,
The Quintessential Quintuplets Star Original Soundtrack\Thinking of Him.flac,not-found,
The Quintessential Quintuplets Star Original Soundtrack\Temporary Private Tutor.flac,not-found,
The Shiunji Family Children Music Collection - Sibphony\CD 1\A Flat Echoes.flac,not-found,
The Shiunji Family Children Music Collection - Sibphony\CD 1\Am I Bad.flac,not-found,
The Shiunji Family Children Music Collection - Sibphony\CD 1\Date Me.flac,not-found,
The Quintessential Quintuplets Star Original Soundtrack\With the Five of Them.flac,not-found,
The Shiunji Family Children Music Collection - Sibphony\CD 1\Brothers and Sisters.flac,not-found,
The Quintessential Quintuplets Star Original Soundtrack\You Never Change.flac,not-found,
The Shiunji Family Children Music Collection - Sibphony\CD 1\Doki-Magi.flac,not-found,
The Shiunji Family Children Music Collection - Sibphony\CD 1\Curiosity Explorers.flac,not-found,
The Shiunji Family Children Music Collection - Sibphony\CD 1\Halftime Sugar Break.flac,not-found,
The Shiunji Family Children Music Collection - Sibphony\CD 1\Maze Hour.flac,not-found,
The Shiunji Family Children Music Collection - Sibphony\CD 1\She Told Me.flac,not-found,
The Shiunji Family Children Music Collection - Sibphony\CD 1\Noisy Dizzy Melancholy.flac,not-found,
The Shiunji Family Children Music Collection - Sibphony\CD 1\Quite Home.flac,not-found,
The Shiunji Family Children Music Collection - Sibphony\CD 1\Sacred Morning.flac,not-found,
The Shiunji Family Children Music Collection - Sibphony\CD 1\Sib Chat.flac,not-found,
The Shiunji Family Children Music Collection - Sibphony\CD 1\Receiving a Message.flac,not-found,
The Shiunji Family Children Music Collection - Sibphony\CD 1\Small Mission.flac,not-found,
The Shiunji Family Children Music Collection - Sibphony\CD 1\Silly You.flac,not-found,
The Shiunji Family Children Music Collection - Sibphony\CD 1\Sofa Banter.flac,not-found,
The Shiunji Family Children Music Collection - Sibphony\CD 1\Too Late.flac,not-found,
The Shiunji Family Children Music Collection - Sibphony\CD 1\Sis Tease.flac,not-found,
The Shiunji Family Children Music Collection - Sibphony\CD 1\With Me!.flac,not-found,
The Shiunji Family Children Music Collection - Sibphony\CD 1\Vibgyor.flac,not-found,
The Shiunji Family Children Music Collection - Sibphony\CD 1\Trust.flac,not-found,
The Shiunji Family Children Music Collection - Sibphony\CD 2\Dopamine.flac,not-found,
The Shiunji Family Children Music Collection - Sibphony\CD 2\Anemone.flac,not-found,
The Shiunji Family Children Music Collection - Sibphony\CD 2\Because We're Family.flac,not-found,
The Shiunji Family Children Music Collection - Sibphony\CD 1\You're Definitely Not Serious!.flac,not-found,
The Shiunji Family Children Music Collection - Sibphony\CD 2\I Want to Be Number One in the World.flac,not-found,
The Shiunji Family Children Music Collection - Sibphony\CD 2\In Her Eyes.flac,not-found,
The Shiunji Family Children Music Collection - Sibphony\CD 2\Honey Lemon (TV Size).flac,not-found,
The Shiunji Family Children Music Collection - Sibphony\CD 2\Just Between Us.flac,not-found,
The Shiunji Family Children Music Collection - Sibphony\CD 2\LIKE YOU LOVE YOU (Off Vocal).flac,not-found,
The Shiunji Family Children Music Collection - Sibphony\CD 2\LIKE YOU LOVE YOU (TV Size).flac,not-found,
The Shiunji Family Children Music Collection - Sibphony\CD 2\One More Match.flac,not-found,
The Shiunji Family Children Music Collection - Sibphony\CD 2\Little One.flac,not-found,
The Shiunji Family Children Music Collection - Sibphony\CD 2\My Turn First.flac,not-found,
The Shiunji Family Children Music Collection - Sibphony\CD 2\Love Sky Loading.flac,not-found,
The Shiunji Family Children Music Collection - Sibphony\CD 2\Not a Boy.flac,not-found,
The Shiunji Family Children Music Collection - Sibphony\CD 2\Secret Sibs Swing.flac,not-found,
The Shiunji Family Children Music Collection - Sibphony\CD 2\Piercing Through the Cloudy Sky.flac,not-found,
The Shiunji Family Children Music Collection - Sibphony\CD 2\Secret Sibs Swing (Scat Off).flac,not-found,
The Shiunji Family Children Music Collection - Sibphony\CD 2\Me in the Dark.flac,not-found,
The Shiunji Family Children Music Collection - Sibphony\CD 2\The Shiunji Family Children.flac,not-found,
The Shiunji Family Children Music Collection - Sibphony\CD 2\You Were There.flac,not-found,
"TV Animation -The 100 Girlfriends Who Really, Really, Really, Really, REALLY Love You- Season2 Image Song Album- Rentaro Family Song Festival\Daybreak embers.flac",not-found,
The Shiunji Family Children Music Collection - Sibphony\CD 2\Whisper.flac,not-found,
"TV Animation -The 100 Girlfriends Who Really, Really, Really, Really, REALLY Love You- Season2 Image Song Album- Rentaro Family Song Festival\Get Ready With Me.flac",not-found,
"TV Animation -The 100 Girlfriends Who Really, Really, Really, Really, REALLY Love You- Season2 Image Song Album- Rentaro Family Song Festival\drowning in deep love.flac",not-found,
"TV Animation -The 100 Girlfriends Who Really, Really, Really, Really, REALLY Love You- Season2 Image Song Album- Rentaro Family Song Festival\HANGREED!!.flac",not-found,
"TV Animation -The 100 Girlfriends Who Really, Really, Really, Really, REALLY Love You- Season2 Image Song Album- Rentaro Family Song Festival\Love Love Moso Parade.flac",not-found,
The Shiunji Family Children Music Collection - Sibphony\CD 2\The Day I First Said I Love You.flac,not-found,
"TV Animation -The 100 Girlfriends Who Really, Really, Really, Really, REALLY Love You- Season2 Image Song Album- Rentaro Family Song Festival\Saiko Saikyo splash.flac",not-found,
"TV Animation -The 100 Girlfriends Who Really, Really, Really, Really, REALLY Love You- Season2 Image Song Album- Rentaro Family Song Festival\Secret Romance.flac",not-found,
"TV Animation -The 100 Girlfriends Who Really, Really, Really, Really, REALLY Love You- Season2 Image Song Album- Rentaro Family Song Festival\Kono Deai ni Hanataba o.flac",not-found,
"TV Animation -The 100 Girlfriends Who Really, Really, Really, Really, REALLY Love You- Season2 Image Song Album- Rentaro Family Song Festival\Zutto, Gyutto.flac",not-found,
"TV Animation -The 100 Girlfriends Who Really, Really, Really, Really, REALLY Love You- Season2 Image Song Album- Rentaro Family Song Festival\Seisai Yoho.flac",not-found,
"TV Animation -The 100 Girlfriends Who Really, Really, Really, Really, REALLY Love You- Season2 Image Song Album- Rentaro Family Song Festival\Pentaro no Dai! Dai! Daiboken.flac",not-found,
TV アニメ『お隣の天使様にいつの間にか駄目人間にされていた件』オリジナル・サウンドトラック\01. お隣の天使様にいつの間にか駄目人間にされていた件.flac,not-found,
TV アニメ『お隣の天使様にいつの間にか駄目人間にされていた件』オリジナル・サウンドトラック\02. おはようございます.flac,not-found,
TV アニメ『お隣の天使様にいつの間にか駄目人間にされていた件』オリジナル・サウンドトラック\03. 顔見知りの他人.flac,not-found,
TV アニメ『お隣の天使様にいつの間にか駄目人間にされていた件』オリジナル・サウンドトラック\04. 天使様のおすそわけ.flac,not-found,
TV アニメ『お隣の天使様にいつの間にか駄目人間にされていた件』オリジナル・サウンドトラック\05. 天使様の不意打ち.flac,not-found,
TV アニメ『お隣の天使様にいつの間にか駄目人間にされていた件』オリジナル・サウンドトラック\06. 奇妙なお隣付き合い.flac,not-found,
TV アニメ『お隣の天使様にいつの間にか駄目人間にされていた件』オリジナル・サウンドトラック\07. 甘い匂い.flac,not-found,
TV アニメ『お隣の天使様にいつの間にか駄目人間にされていた件』オリジナル・サウンドトラック\08. 天使様の手料理.flac,not-found,
TV アニメ『お隣の天使様にいつの間にか駄目人間にされていた件』オリジナル・サウンドトラック\12. 天使様とお掃除大作戦.flac,not-found,
TV アニメ『お隣の天使様にいつの間にか駄目人間にされていた件』オリジナル・サウンドトラック\09. やかましいわ.flac,not-found,
TV アニメ『お隣の天使様にいつの間にか駄目人間にされていた件』オリジナル・サウンドトラック\11. 天使様とお出かけ.flac,not-found,
TV アニメ『お隣の天使様にいつの間にか駄目人間にされていた件』オリジナル・サウンドトラック\10. 天使様との高校生活.flac,not-found,
TV アニメ『お隣の天使様にいつの間にか駄目人間にされていた件』オリジナル・サウンドトラック\14. 借りは、返します.flac,not-found,
TV アニメ『お隣の天使様にいつの間にか駄目人間にされていた件』オリジナル・サウンドトラック\13. 無害な男.flac,not-found,
TV アニメ『お隣の天使様にいつの間にか駄目人間にされていた件』オリジナル・サウンドトラック\17. 紳士的というかへたれというか.flac,not-found,
TV アニメ『お隣の天使様にいつの間にか駄目人間にされていた件』オリジナル・サウンドトラック\18. 完璧な天使様.flac,not-found,
TV アニメ『お隣の天使様にいつの間にか駄目人間にされていた件』オリジナル・サウンドトラック\16. 天使様のお小言.flac,not-found,
TV アニメ『お隣の天使様にいつの間にか駄目人間にされていた件』オリジナル・サウンドトラック\15. カラメル色の視線.flac,not-found,
TV アニメ『お隣の天使様にいつの間にか駄目人間にされていた件』オリジナル・サウンドトラック\20. からかわないでくださいっ.flac,not-found,
TV アニメ『お隣の天使様にいつの間にか駄目人間にされていた件』オリジナル・サウンドトラック\19. ......びっくりした.flac,not-found,
TV アニメ『お隣の天使様にいつの間にか駄目人間にされていた件』オリジナル・サウンドトラック\21. 王子様のスマイル.flac,not-found,
TV アニメ『お隣の天使様にいつの間にか駄目人間にされていた件』オリジナル・サウンドトラック\22. 如才ない男.flac,not-found,
TV アニメ『お隣の天使様にいつの間にか駄目人間にされていた件』オリジナル・サウンドトラック\25. どんだけ疑われてるの.flac,not-found,
TV アニメ『お隣の天使様にいつの間にか駄目人間にされていた件』オリジナル・サウンドトラック\23. おせっかいやき.flac,not-found,
TV アニメ『お隣の天使様にいつの間にか駄目人間にされていた件』オリジナル・サウンドトラック\24. あら、言い訳しなくてもいいのよ？.flac,not-found,
TV アニメ『お隣の天使様にいつの間にか駄目人間にされていた件』オリジナル・サウンドトラック\26. 目も当てられませんね.flac,not-found,
TV アニメ『お隣の天使様にいつの間にか駄目人間にされていた件』オリジナル・サウンドトラック\30. 天使様のやきもち.flac,not-found,
TV アニメ『お隣の天使様にいつの間にか駄目人間にされていた件』オリジナル・サウンドトラック\27. 友人カップル.flac,not-found,
TV アニメ『お隣の天使様にいつの間にか駄目人間にされていた件』オリジナル・サウンドトラック\28. ......砥石？.flac,not-found,
TV アニメ『お隣の天使様にいつの間にか駄目人間にされていた件』オリジナル・サウンドトラック\31. しあわせな気持ち.flac,not-found,
TV アニメ『お隣の天使様にいつの間にか駄目人間にされていた件』オリジナル・サウンドトラック\29. 自堕落な生活.flac,not-found,
TV アニメ『お隣の天使様にいつの間にか駄目人間にされていた件』オリジナル・サウンドトラック\33. もっと、見ていてください.flac,not-found,
TV アニメ『お隣の天使様にいつの間にか駄目人間にされていた件』オリジナル・サウンドトラック\32. 記憶の奥底.flac,not-found,
TV アニメ『お隣の天使様にいつの間にか駄目人間にされていた件』オリジナル・サウンドトラック\34. 昏い瞳.flac,not-found,
TV アニメ『お隣の天使様にいつの間にか駄目人間にされていた件』オリジナル・サウンドトラック\36. お前は一人じゃないんだから.flac,not-found,
TV アニメ『お隣の天使様にいつの間にか駄目人間にされていた件』オリジナル・サウンドトラック\37. もどかしく、焦れったい.flac,not-found,
TV アニメ『お隣の天使様にいつの間にか駄目人間にされていた件』オリジナル・サウンドトラック\35. 雨の中.flac,not-found,
TV アニメ『お隣の天使様にいつの間にか駄目人間にされていた件』オリジナル・サウンドトラック\38. 格好良いですよ。私にとっては、誰よりも.flac,not-found,
TV アニメ『お隣の天使様にいつの間にか駄目人間にされていた件』オリジナル・サウンドトラック\42. アイキャッチB.flac,not-found,
TV アニメ『お隣の天使様にいつの間にか駄目人間にされていた件』オリジナル・サウンドトラック\43. 今日の晩ご飯です.flac,not-found,
TV アニメ『お隣の天使様にいつの間にか駄目人間にされていた件』オリジナル・サウンドトラック\44. まひるんかわいい！.flac,not-found,
TV アニメ『お隣の天使様にいつの間にか駄目人間にされていた件』オリジナル・サウンドトラック\39. ......周くんの、ばか.flac,not-found,
TV アニメ『お隣の天使様にいつの間にか駄目人間にされていた件』オリジナル・サウンドトラック\45. 母親襲来.flac,not-found,
TV アニメ『お隣の天使様にいつの間にか駄目人間にされていた件』オリジナル・サウンドトラック\40. ギフト - Pf Solo ver..flac,not-found,
TV アニメ『お隣の天使様にいつの間にか駄目人間にされていた件』オリジナル・サウンドトラック\41. アイキャッチA.flac,not-found,
TV アニメ『お隣の天使様にいつの間にか駄目人間にされていた件』オリジナル・サウンドトラック\46. 淡白なやつめ.flac,not-found,
TV アニメ『お隣の天使様にいつの間にか駄目人間にされていた件』オリジナル・サウンドトラック\47. どうしたらいいんだ.flac,not-found,
TVアニメ「わたしの幸せな結婚」オリジナルサウンドトラック\CD 1\01. The Dreams of Miyo Saimori.flac,not-found,
TV アニメ『お隣の天使様にいつの間にか駄目人間にされていた件』オリジナル・サウンドトラック\49. 幸せの味.flac,not-found,
TVアニメ「わたしの幸せな結婚」オリジナルサウンドトラック\CD 1\03. Hope Is but a Dream.flac,not-found,
TV アニメ『お隣の天使様にいつの間にか駄目人間にされていた件』オリジナル・サウンドトラック\48. 天使様の異変.flac,not-found,
TV アニメ『お隣の天使様にいつの間にか駄目人間にされていた件』オリジナル・サウンドトラック\50. かわいいひと.flac,not-found,
TVアニメ「わたしの幸せな結婚」オリジナルサウンドトラック\CD 1\04. Unwanted.flac,not-found,
TVアニメ「わたしの幸せな結婚」オリジナルサウンドトラック\CD 1\05. Raindrops.flac,not-found,
TVアニメ「わたしの幸せな結婚」オリジナルサウンドトラック\CD 1\02. A Home for the Heart.flac,not-found,
TVアニメ「わたしの幸せな結婚」オリジナルサウンドトラック\CD 1\07. Where the Cherry Blossom Once Stood.flac,not-found,
TVアニメ「わたしの幸せな結婚」オリジナルサウンドトラック\CD 1\08. Guide My Way.flac,not-found,
TVアニメ「わたしの幸せな結婚」オリジナルサウンドトラック\CD 1\10. Happiness and Home.flac,not-found,
TVアニメ「わたしの幸せな結婚」オリジナルサウンドトラック\CD 1\09. You Give Me Life.flac,not-found,
TVアニメ「わたしの幸せな結婚」オリジナルサウンドトラック\CD 1\06. Dreams of a Better Life.flac,not-found,
TVアニメ「わたしの幸せな結婚」オリジナルサウンドトラック\CD 1\13. Pain.flac,not-found,
TVアニメ「わたしの幸せな結婚」オリジナルサウンドトラック\CD 1\12. Sometimes You Have to Let Go.flac,not-found,
TVアニメ「わたしの幸せな結婚」オリジナルサウンドトラック\CD 1\14. The Life I Leave Behind.flac,not-found,
TVアニメ「わたしの幸せな結婚」オリジナルサウンドトラック\CD 1\11. Friendly Faces.flac,not-found,
TVアニメ「わたしの幸せな結婚」オリジナルサウンドトラック\CD 1\19. Miyo's Dreams.flac,not-found,
TVアニメ「わたしの幸せな結婚」オリジナルサウンドトラック\CD 1\18. Shadow of the Past.flac,not-found,
TVアニメ「わたしの幸せな結婚」オリジナルサウンドトラック\CD 1\17. A Tragic Life.flac,not-found,
TVアニメ「わたしの幸せな結婚」オリジナルサウンドトラック\CD 1\16. Military Affairs.flac,not-found,
TVアニメ「わたしの幸せな結婚」オリジナルサウンドトラック\CD 1\15. The Faint Whisper of Power.flac,not-found,
TVアニメ「わたしの幸せな結婚」オリジナルサウンドトラック\CD 1\22. My Only Wish.flac,not-found,
TVアニメ「わたしの幸せな結婚」オリジナルサウンドトラック\CD 1\20. The Weight of Words.flac,not-found,
TVアニメ「わたしの幸せな結婚」オリジナルサウンドトラック\CD 1\21. Come What May.flac,not-found,
TVアニメ「わたしの幸せな結婚」オリジナルサウンドトラック\CD 1\24. Burn It All.flac,not-found,
TVアニメ「わたしの幸せな結婚」オリジナルサウンドトラック\CD 1\23. Flames in the Night.flac,not-found,
TVアニメ「わたしの幸せな結婚」オリジナルサウンドトラック\CD 2\25. Kiyoka and Miyo.flac,not-found,
TVアニメ「わたしの幸せな結婚」オリジナルサウンドトラック\CD 2\28. Every Day With You.flac,not-found,
TVアニメ「わたしの幸せな結婚」オリジナルサウンドトラック\CD 2\31. Night Falls.flac,not-found,
TVアニメ「わたしの幸せな結婚」オリジナルサウンドトラック\CD 2\30. What Could Have Been Can Still Be.flac,not-found,
TVアニメ「わたしの幸せな結婚」オリジナルサウンドトラック\CD 2\29. Softly Sings the Heart.flac,not-found,
TVアニメ「わたしの幸せな結婚」オリジナルサウンドトラック\CD 2\26. Sound of the Soul.flac,not-found,
TVアニメ「わたしの幸せな結婚」オリジナルサウンドトラック\CD 2\32. Schemes of the Empire.flac,not-found,
TVアニメ「わたしの幸せな結婚」オリジナルサウンドトラック\CD 2\33. Irritation.flac,not-found,
TVアニメ「わたしの幸せな結婚」オリジナルサウンドトラック\CD 2\34. The Fragility of a Dream.flac,not-found,
TVアニメ「わたしの幸せな結婚」オリジナルサウンドトラック\CD 2\27. Daydream.flac,not-found,
TVアニメ「わたしの幸せな結婚」オリジナルサウンドトラック\CD 2\37. The Morning Dew Washes All Away.flac,not-found,
TVアニメ「わたしの幸せな結婚」オリジナルサウンドトラック\CD 2\35. Our Summer Dream.flac,not-found,
TVアニメ「わたしの幸せな結婚」オリジナルサウンドトラック\CD 2\36. Where True Happiness Lies.flac,not-found,
TVアニメ「わたしの幸せな結婚」オリジナルサウンドトラック\CD 2\38. The Usuba Family.flac,not-found,
TVアニメ「わたしの幸せな結婚」オリジナルサウンドトラック\CD 2\39. Dark Roots Run Deep.flac,not-found,
TVアニメ「わたしの幸せな結婚」オリジナルサウンドトラック\CD 2\40. Okutsuki.flac,not-found,
TVアニメ「わたしの幸せな結婚」オリジナルサウンドトラック\CD 2\42. Kiyoka's Might.flac,not-found,
TVアニメ「わたしの幸せな結婚」オリジナルサウンドトラック\CD 2\43. Walk in Darkness.flac,not-found,
TVアニメ「わたしの幸せな結婚」オリジナルサウンドトラック\CD 2\46. As the Smoke Rises.flac,not-found,
TVアニメ「わたしの幸せな結婚」オリジナルサウンドトラック\CD 2\45. Fire Under a Moonlit Sky.flac,not-found,
TVアニメ「わたしの幸せな結婚」オリジナルサウンドトラック\CD 2\47. Lament for the Lost.flac,not-found,
TVアニメ「わたしの幸せな結婚」オリジナルサウンドトラック\CD 2\44. The Unending Path.flac,not-found,
TVアニメ「わたしの幸せな結婚」オリジナルサウンドトラック\CD 2\41. Mullings of the Mad.flac,not-found,
TVアニメ「わたしの幸せな結婚」オリジナル・サウンドトラック2\01. The Awakening of Miyo Saimori.flac,not-found,
TVアニメ「わたしの幸せな結婚」オリジナル・サウンドトラック2\05. Welcome Home.flac,not-found,
TVアニメ「わたしの幸せな結婚」オリジナル・サウンドトラック2\03. A Kind Heart.flac,not-found,
TVアニメ「わたしの幸せな結婚」オリジナル・サウンドトラック2\02. Autumn Evening.flac,not-found,
TVアニメ「わたしの幸せな結婚」オリジナル・サウンドトラック2\07. My Hand in Yours.flac,not-found,
TVアニメ「わたしの幸せな結婚」オリジナル・サウンドトラック2\04. Blush.flac,not-found,
TVアニメ「わたしの幸せな結婚」オリジナル・サウンドトラック2\09. Lies and Illusion.flac,not-found,
TVアニメ「わたしの幸せな結婚」オリジナル・サウンドトラック2\06. Just One Bed.flac,not-found,
TVアニメ「わたしの幸せな結婚」オリジナル・サウンドトラック2\11. The Man Called Usui.flac,not-found,
TVアニメ「わたしの幸せな結婚」オリジナル・サウンドトラック2\08. Where Do I Belong.flac,not-found,
TVアニメ「わたしの幸せな結婚」オリジナル・サウンドトラック2\14. Opinokinesis.flac,not-found,
TVアニメ「わたしの幸せな結婚」オリジナル・サウンドトラック2\10. Whispers on the Wind.flac,not-found,
TVアニメ「わたしの幸せな結婚」オリジナル・サウンドトラック2\16. Razor's Edge.flac,not-found,
TVアニメ「わたしの幸せな結婚」オリジナル・サウンドトラック2\15. Ice and Fire.flac,not-found,
TVアニメ「わたしの幸せな結婚」オリジナル・サウンドトラック2\18. Infiltrate.flac,not-found,
TVアニメ「わたしの幸せな結婚」オリジナル・サウンドトラック2\17. Follow the Trail.flac,not-found,
TVアニメ「わたしの幸せな結婚」オリジナル・サウンドトラック2\13. Matters of the Empire.flac,not-found,
TVアニメ「わたしの幸せな結婚」オリジナル・サウンドトラック2\19. The Occult and the Unknown.flac,not-found,
TVアニメ「わたしの幸せな結婚」オリジナル・サウンドトラック2\20. Like Thunder From the Heavens.flac,not-found,
TVアニメ「わたしの幸せな結婚」オリジナル・サウンドトラック2\12. Gifted Communion.flac,not-found,
TVアニメ「わたしの幸せな結婚」オリジナル・サウンドトラック2\21. Stand Your Ground.flac,not-found,
TVアニメ「わたしの幸せな結婚」オリジナル・サウンドトラック2\24. Spiritual World.flac,not-found,
TVアニメ「わたしの幸せな結婚」オリジナル・サウンドトラック2\25. Arata's Past.flac,not-found,
TVアニメ「わたしの幸せな結婚」オリジナル・サウンドトラック2\23. The Young Boy Called Usui.flac,not-found,
TVアニメ「わたしの幸せな結婚」オリジナル・サウンドトラック2\26. Looming Darkness.flac,not-found,
TVアニメ「わたしの幸せな結婚」オリジナル・サウンドトラック2\29. Kiyoka Rising.flac,not-found,
TVアニメ「わたしの幸せな結婚」オリジナル・サウンドトラック2\28. The Rushing Shadow.flac,not-found,
TVアニメ「わたしの幸せな結婚」オリジナル・サウンドトラック2\27. Dreams Become Nightmares.flac,not-found,
TVアニメ「わたしの幸せな結婚」オリジナル・サウンドトラック2\22. Usuba Memories.flac,not-found,
TVアニメ「わたしの幸せな結婚」オリジナル・サウンドトラック2\31. Wither.flac,not-found,
TVアニメ「わたしの幸せな結婚」オリジナル・サウンドトラック2\33. Miyo.flac,not-found,
TVアニメ「わたしの幸せな結婚」オリジナル・サウンドトラック2\30. Burden of Betrayal.flac,not-found,
Weathering With You\City Crisis.flac,not-found,
TVアニメ「わたしの幸せな結婚」オリジナル・サウンドトラック2\34. My Happy Marriage.flac,not-found,
Weathering With You\Eternity Above Clouds.flac,not-found,
Weathering With You\Clear Sky and Loss.flac,not-found,
TVアニメ「わたしの幸せな結婚」オリジナル・サウンドトラック2\32. Dream-Sight.flac,not-found,
Weathering With You\Bike Chasing.flac,not-found,
Weathering With You\First Part Time Job as Sunshine Girl.flac,not-found,
"Weathering With You\Hina, Fading Away.flac",not-found,
Weathering With You\First Visit to K&A.flac,not-found,
Weathering With You\Fireworks Festival.flac,not-found,
Weathering With You\Hodaka Escapes - Kid's Plot.flac,not-found,
Weathering With You\Power of the Weather.flac,not-found,
Weathering With You\K&A Welcoming Ceremony.flac,not-found,
Weathering With You\Running with Hina.flac,not-found,
Weathering With You\Sea in the Sky.flac,not-found,
Weathering With You\Shrine of Weather.flac,not-found,
Weathering With You\Sky Clearing Up.flac,not-found,
Weathering With You\Snow in Midsummer.flac,not-found,
Weathering With You\The Taste of Kindness.flac,not-found,
Weathering With You\Time with Family.flac,not-found,
Weathering With You\Theme of Weathering With You.flac,not-found,
Weathering With You\Saving Hina.flac,not-found,
Weathering With You\Shiba Park.flac,not-found,
Weathering With You\Two Confessions.flac,not-found,
Weathering With You\Visiting Home.flac,not-found,
Weathering With You\Welcome to Senpikan.flac,not-found,
Your Lie in April ORIGINAL SONG & SOUNDTRACK\Again.flac,not-found,
Your Lie in April ORIGINAL SONG & SOUNDTRACK\Candied Apple.flac,not-found,
Your Lie in April ORIGINAL SONG & SOUNDTRACK\A World Beginning to Fill with Color.flac,not-found,
Your Lie in April ORIGINAL SONG & SOUNDTRACK\An Easy-to-Read Guy.flac,not-found,
"Your Lie in April ORIGINAL SONG & SOUNDTRACK\Accompaniment, Accompaniment, Accompaniment, Accompaniment.flac",not-found,
Your Lie in April ORIGINAL SONG & SOUNDTRACK\Chelsea.flac,not-found,
Your Lie in April ORIGINAL SONG & SOUNDTRACK\Can You Forget.flac,not-found,
Your Lie in April ORIGINAL SONG & SOUNDTRACK\Be Yourself.flac,not-found,
Your Lie in April ORIGINAL SONG & SOUNDTRACK\Friend A.flac,not-found,
Your Lie in April ORIGINAL SONG & SOUNDTRACK\Friend A ~ Piano Solo ~.flac,not-found,
Your Lie in April ORIGINAL SONG & SOUNDTRACK\Dry Air.flac,not-found,
Your Lie in April ORIGINAL SONG & SOUNDTRACK\For You ~ The Moonlight Pours Down on the Terrace ~.flac,not-found,
Your Lie in April ORIGINAL SONG & SOUNDTRACK\Girl-to-Girl Cute.flac,not-found,
Your Lie in April ORIGINAL SONG & SOUNDTRACK\Everyday Life Has Returned.flac,not-found,
Your Lie in April ORIGINAL SONG & SOUNDTRACK\Everyone Is Scary.flac,not-found,
Your Lie in April ORIGINAL SONG & SOUNDTRACK\Gradually Becoming Colorful.flac,not-found,
Your Lie in April ORIGINAL SONG & SOUNDTRACK\Have a Strong Will ~ Wintry Wind ~.flac,not-found,
Your Lie in April ORIGINAL SONG & SOUNDTRACK\I Appoint Friend A as My Accompanist.flac,not-found,
Your Lie in April ORIGINAL SONG & SOUNDTRACK\I'm a Violinist.flac,not-found,
Your Lie in April ORIGINAL SONG & SOUNDTRACK\If Only Time Would Stop.flac,not-found,
Your Lie in April ORIGINAL SONG & SOUNDTRACK\I Won't Forget Today.flac,not-found,
Your Lie in April ORIGINAL SONG & SOUNDTRACK\It's Bigger Than I Thought.flac,not-found,
Your Lie in April ORIGINAL SONG & SOUNDTRACK\It Smells Like Rain.flac,not-found,
Your Lie in April ORIGINAL SONG & SOUNDTRACK\Kyaaaaa.flac,not-found,
Your Lie in April ORIGINAL SONG & SOUNDTRACK\Lies and Truth.flac,not-found,
Your Lie in April ORIGINAL SONG & SOUNDTRACK\Just Quietly Accompany Me!!!.flac,not-found,
Your Lie in April ORIGINAL SONG & SOUNDTRACK\Kousei Is a Genius!.flac,not-found,
Your Lie in April ORIGINAL SONG & SOUNDTRACK\Let's Go Together.flac,not-found,
Your Lie in April ORIGINAL SONG & SOUNDTRACK\Lies and Truth ~ Piano Solo ~.flac,not-found,
Your Lie in April ORIGINAL SONG & SOUNDTRACK\Mother's Dream.flac,not-found,
Your Lie in April ORIGINAL SONG & SOUNDTRACK\Like a Little Brother.flac,not-found,
Your Lie in April ORIGINAL SONG & SOUNDTRACK\Like a Scene from a Movie.flac,not-found,
Your Lie in April ORIGINAL SONG & SOUNDTRACK\Like a Little Brother ~ Piano Solo ~.flac,not-found,
Your Lie in April ORIGINAL SONG & SOUNDTRACK\My Lie.flac,not-found,
Your Lie in April ORIGINAL SONG & SOUNDTRACK\Memories of Mother.flac,not-found,
Your Lie in April ORIGINAL SONG & SOUNDTRACK\My Lie ~ Piano Solo ~.flac,not-found,
Your Lie in April ORIGINAL SONG & SOUNDTRACK\My Vision Is Red!.flac,not-found,
Your Lie in April ORIGINAL SONG & SOUNDTRACK\Must-Win.flac,not-found,
Your Lie in April ORIGINAL SONG & SOUNDTRACK\My Truth -Rondo Capriccioso.flac,not-found,
Your Lie in April ORIGINAL SONG & SOUNDTRACK\Resound.flac,not-found,
Your Lie in April ORIGINAL SONG & SOUNDTRACK\One Day in April.flac,not-found,
Your Lie in April ORIGINAL SONG & SOUNDTRACK\Standing Tall ~ Sleeping Beauty's Adagio.flac,not-found,
Your Lie in April ORIGINAL SONG & SOUNDTRACK\Please Support Me When I Feel Like Giving Up.flac,not-found,
Your Lie in April ORIGINAL SONG & SOUNDTRACK\Summer Sunlight.flac,not-found,
Your Lie in April ORIGINAL SONG & SOUNDTRACK\The Scent of Spring.flac,not-found,
Your Lie in April ORIGINAL SONG & SOUNDTRACK\She Is Beautiful.flac,not-found,
Your Lie in April ORIGINAL SONG & SOUNDTRACK\Special Seat.flac,not-found,
Your Lie in April ORIGINAL SONG & SOUNDTRACK\Stars Shine at Night.flac,not-found,
Your Lie in April ORIGINAL SONG & SOUNDTRACK\The Town I Live In Is Colored Brightly.flac,not-found,
Your Lie in April ORIGINAL SONG & SOUNDTRACK\The Seasons Change.flac,not-found,
Your Lie in April ORIGINAL SONG & SOUNDTRACK\This Must Be It.flac,not-found,
Your Lie in April ORIGINAL SONG & SOUNDTRACK\Water Surface.flac,not-found,
Your Lie in April ORIGINAL SONG & SOUNDTRACK\The Bottom of the Dark Sea.flac,not-found,
Your Lie in April ORIGINAL SONG & SOUNDTRACK\Unforgivable Voyeur.flac,not-found,
Your Lie in April ORIGINAL SONG & SOUNDTRACK\Violence Is Fine.flac,not-found,
Your Lie in April ORIGINAL SONG & SOUNDTRACK\Walking Home at Dusk.flac,not-found,
Your Lie in April ORIGINAL SONG & SOUNDTRACK\We're the Kind of People Who Go On Living Like That.flac,not-found,
"Your Lie in April ORIGINAL SONG & SOUNDTRACK\We're the Strongest, You Know.flac",not-found,
Your Lie in April ORIGINAL SONG & SOUNDTRACK\Why Are You So Smug.flac,not-found,
Your Lie in April ORIGINAL SONG & SOUNDTRACK\What Do You Call This Feeling Again.flac,not-found,
Your Lie in April ORIGINAL SONG & SOUNDTRACK\You Are Here.flac,not-found,
Your Lie in April ORIGINAL SONG & SOUNDTRACK\You Are in Spring.flac,not-found,
Your Lie in April ORIGINAL SONG & SOUNDTRACK\Your Lie in April.flac,not-found,
Your Name. Original Motion Picture Soundtrack [Deluxe Edition ]\Disc 1\Autumn festival.flac,not-found,
Your Name. Original Motion Picture Soundtrack [Deluxe Edition ]\Disc 1\Again to Goshintai.flac,not-found,
Your Lie in April ORIGINAL SONG & SOUNDTRACK\Your Lie in April ~ Piano Solo ~.flac,not-found,
Your Name. Original Motion Picture Soundtrack [Deluxe Edition ]\Disc 1\Cafe at last.flac,not-found,
Your Lie in April ORIGINAL SONG & SOUNDTRACK\Your Place.flac,not-found,
Your Name. Original Motion Picture Soundtrack [Deluxe Edition ]\Disc 1\Council of war.flac,not-found,
Your Name. Original Motion Picture Soundtrack [Deluxe Edition ]\Disc 1\Date 2.flac,not-found,
Your Name. Original Motion Picture Soundtrack [Deluxe Edition ]\Disc 1\Date.flac,not-found,
Your Name. Original Motion Picture Soundtrack [Deluxe Edition ]\Disc 1\Disappeared town.flac,not-found,
Your Name. Original Motion Picture Soundtrack [Deluxe Edition ]\Disc 1\Dream lantern (English ver.).flac,created-synced,RADWIMPS - Dream lantern (English ver.)
Your Name. Original Motion Picture Soundtrack [Deluxe Edition ]\Disc 1\First view of Tokyo.flac,not-found,
Your Name. Original Motion Picture Soundtrack [Deluxe Edition ]\Disc 1\Goshintai.flac,not-found,
Your Name. Original Motion Picture Soundtrack [Deluxe Edition ]\Disc 1\Itomori high school.flac,not-found,
Your Name. Original Motion Picture Soundtrack [Deluxe Edition ]\Disc 1\Evoking memories.flac,not-found,
Your Name. Original Motion Picture Soundtrack [Deluxe Edition ]\Disc 1\Kuchikamizake trip.flac,not-found,
Your Name. Original Motion Picture Soundtrack [Deluxe Edition ]\Disc 1\Katawaredoki.flac,not-found,
Your Name. Original Motion Picture Soundtrack [Deluxe Edition ]\Disc 1\Library.flac,not-found,
Your Name. Original Motion Picture Soundtrack [Deluxe Edition ]\Disc 1\Nandemonaiya (English ver.).flac,created-synced,RADWIMPS - Nandemonaiya (English ver.)
Your Name. Original Motion Picture Soundtrack [Deluxe Edition ]\Disc 1\Persuading mayor.flac,not-found,
Your Name. Original Motion Picture Soundtrack [Deluxe Edition ]\Disc 1\School road.flac,not-found,
Your Name. Original Motion Picture Soundtrack [Deluxe Edition ]\Disc 1\Sparkle (English ver.).flac,created-synced,RADWIMPS - Sparkle (English ver.)
Your Name. Original Motion Picture Soundtrack [Deluxe Edition ]\Disc 1\Theme of Mitsuha.flac,not-found,
Your Name. Original Motion Picture Soundtrack [Deluxe Edition ]\Disc 1\The night inn.flac,not-found,
Your Name. Original Motion Picture Soundtrack [Deluxe Edition ]\Disc 1\Theme of Ms. Okudera.flac,not-found,
Your Name. Original Motion Picture Soundtrack [Deluxe Edition ]\Disc 1\Unseen two.flac,not-found,
Your Name. Original Motion Picture Soundtrack [Deluxe Edition ]\Disc 1\Unusual changes of two.flac,not-found,
Your Name. Original Motion Picture Soundtrack [Deluxe Edition ]\Disc 1\Zenzenzense (English ver.).flac,created-synced,RADWIMPS - Zenzenzense - English ver.
Your Name. Original Motion Picture Soundtrack [Deluxe Edition ]\Disc 2\Dream lantern.flac,created-synced,RADWIMPS - Dream lantern
Your Name. Original Motion Picture Soundtrack [Deluxe Edition ]\Disc 2\Nandemonaiya (movie ver.).flac,created-synced,RADWIMPS - Nandemonaiya - movie ver.
Your Name. Original Motion Picture Soundtrack [Deluxe Edition ]\Disc 1\Visit to Hida.flac,not-found,
Your Name. Original Motion Picture Soundtrack [Deluxe Edition ]\Disc 2\Sparkle (movie ver.).flac,created-synced,RADWIMPS - Sparkle (movie ver.)
Your Name. Original Motion Picture Soundtrack [Deluxe Edition ]\Disc 2\Zenzenzense (movie ver.).flac,created-synced,RADWIMPS - Zenzenzense (movie ver.)
光るなら\3. 光るなら-instrumental-.flac,not-found,
劇場版「からかい上手の高木さん」Music Collection\04. いつもと違う高木さん.flac,not-found,
劇場版「からかい上手の高木さん」Music Collection\01. 雨のち晴れ.flac,not-found,
劇場版「からかい上手の高木さん」Music Collection\02. チョキ作戦.flac,not-found,
劇場版「からかい上手の高木さん」Music Collection\03. からかい貯金.flac,not-found,
劇場版「からかい上手の高木さん」Music Collection\05. ミナとユカリとサナエの同じような日々.flac,not-found,
劇場版「からかい上手の高木さん」Music Collection\07. 虫送り.flac,not-found,
劇場版「からかい上手の高木さん」Music Collection\06. 誘う勇気と誘われる喜び.flac,not-found,
劇場版「からかい上手の高木さん」Music Collection\08. 小さなバス停.flac,not-found,
劇場版「からかい上手の高木さん」Music Collection\10. ハナとの出会い.flac,not-found,
劇場版「からかい上手の高木さん」Music Collection\09. 会う理由.flac,not-found,
劇場版「からかい上手の高木さん」Music Collection\11. 思い入れのはじまり.flac,not-found,
劇場版「からかい上手の高木さん」Music Collection\14. ハナと高木さんと西片.flac,not-found,
劇場版「からかい上手の高木さん」Music Collection\12. ミナとユカリとサナエのやりたいこと100.flac,not-found,
劇場版「からかい上手の高木さん」Music Collection\13. 名前決め対決.flac,not-found,
劇場版「からかい上手の高木さん」Music Collection\16. 終わりたくない.flac,not-found,
劇場版「からかい上手の高木さん」Music Collection\15. ハナと勝負.flac,not-found,
劇場版「からかい上手の高木さん」Music Collection\18. 西片から高木さんへ.flac,not-found,
劇場版「からかい上手の高木さん」Music Collection\17. ハナとの別れ.flac,not-found,
劇場版「からかい上手の高木さん」Music Collection\19. 高木さんから西片へ.flac,not-found,
劇場版「からかい上手の高木さん」Music Collection\20. からかい上手の高木さん.flac,not-found,
劇場版「からかい上手の高木さん」Music Collection\21. 家族揃って.flac,not-found,
映画「夏へのトンネル、さよならの出口」オリジナル・サウンドトラック\02. Invincible Girl.flac,not-found,
映画「夏へのトンネル、さよならの出口」オリジナル・サウンドトラック\03. Escapism.flac,not-found,
映画「夏へのトンネル、さよならの出口」オリジナル・サウンドトラック\01. Summer Days.flac,not-found,
映画「夏へのトンネル、さよならの出口」オリジナル・サウンドトラック\05. Urashima Tunnel.flac,not-found,
映画「夏へのトンネル、さよならの出口」オリジナル・サウンドトラック\04. Mysterious World.flac,not-found,
映画「夏へのトンネル、さよならの出口」オリジナル・サウンドトラック\07. Secret Alliance.flac,not-found,
映画「夏へのトンネル、さよならの出口」オリジナル・サウンドトラック\06. Where Are We.flac,not-found,
映画「夏へのトンネル、さよならの出口」オリジナル・サウンドトラック\09. Aquarium.flac,not-found,
映画「夏へのトンネル、さよならの出口」オリジナル・サウンドトラック\08. United Front.flac,not-found,
映画「夏へのトンネル、さよならの出口」オリジナル・サウンドトラック\10. Hope.flac,not-found,
映画「夏へのトンネル、さよならの出口」オリジナル・サウンドトラック\11. 108 Seconds.flac,not-found,
映画「夏へのトンネル、さよならの出口」オリジナル・サウンドトラック\12. Extraordinary.flac,not-found,
映画「夏へのトンネル、さよならの出口」オリジナル・サウンドトラック\15. Omelette Rice.flac,not-found,
映画「夏へのトンネル、さよならの出口」オリジナル・サウンドトラック\16. Sunflower Field.flac,not-found,
映画「夏へのトンネル、さよならの出口」オリジナル・サウンドトラック\14. Lost.flac,not-found,
映画「夏へのトンネル、さよならの出口」オリジナル・サウンドトラック\13. The Last Date.flac,not-found,
映画「夏へのトンネル、さよならの出口」オリジナル・サウンドトラック\19. Conflict.flac,not-found,
映画「夏へのトンネル、さよならの出口」オリジナル・サウンドトラック\18. Truth.flac,not-found,
映画「夏へのトンネル、さよならの出口」オリジナル・サウンドトラック\17. Don't Leave Me.flac,not-found,
映画「夏へのトンネル、さよならの出口」オリジナル・サウンドトラック\20. I Miss You.flac,not-found,
"映画「夏へのトンネル、さよならの出口」オリジナル・サウンドトラック\24. The Tunnel to Summer, the Exit of Goodbyes.flac",not-found,
映画「夏へのトンネル、さよならの出口」オリジナル・サウンドトラック\22. Lovers.flac,not-found,
映画「夏へのトンネル、さよならの出口」オリジナル・サウンドトラック\21. Katappo (Acoustic Version Instrumental).flac,not-found,
映画「夏へのトンネル、さよならの出口」オリジナル・サウンドトラック\23. Follow Your Heart.flac,not-found,
経験済みなキミと、経験ゼロなオレが、お付き合いする話。 ORIGINAL SOUNDTRACK\01. 『経験済みなキミと、経験ゼロなオレが、お付き合いする話。』メインテーマ.flac,not-found,
経験済みなキミと、経験ゼロなオレが、お付き合いする話。 ORIGINAL SOUNDTRACK\02. 憧れの白河さん.flac,not-found,
経験済みなキミと、経験ゼロなオレが、お付き合いする話。 ORIGINAL SOUNDTRACK\03. 量産型陰キャ男子.flac,not-found,
経験済みなキミと、経験ゼロなオレが、お付き合いする話。 ORIGINAL SOUNDTRACK\04. 付き合ってみればいーじゃん.flac,not-found,
経験済みなキミと、経験ゼロなオレが、お付き合いする話。 ORIGINAL SOUNDTRACK\06. これは夢.flac,not-found,
経験済みなキミと、経験ゼロなオレが、お付き合いする話。 ORIGINAL SOUNDTRACK\07. 「薄っぺらな好き」じゃなくて「本物の好き」.flac,not-found,
経験済みなキミと、経験ゼロなオレが、お付き合いする話。 ORIGINAL SOUNDTRACK\05. ありがとう、白河さん.flac,not-found,
経験済みなキミと、経験ゼロなオレが、お付き合いする話。 ORIGINAL SOUNDTRACK\08. 俺は元カレたちとは違う!!.flac,not-found,
経験済みなキミと、経験ゼロなオレが、お付き合いする話。 ORIGINAL SOUNDTRACK\09. 俺が恋に落ちるには十分な事件.flac,not-found,
経験済みなキミと、経験ゼロなオレが、お付き合いする話。 ORIGINAL SOUNDTRACK\11. オタクの語り.flac,not-found,
経験済みなキミと、経験ゼロなオレが、お付き合いする話。 ORIGINAL SOUNDTRACK\10. 好きな子いるのかっ!いるんだな!.flac,not-found,
経験済みなキミと、経験ゼロなオレが、お付き合いする話。 ORIGINAL SOUNDTRACK\13. 白河さんのこと、もっと知りたい.flac,not-found,
経験済みなキミと、経験ゼロなオレが、お付き合いする話。 ORIGINAL SOUNDTRACK\14. ショッピングデート1.flac,not-found,
経験済みなキミと、経験ゼロなオレが、お付き合いする話。 ORIGINAL SOUNDTRACK\12. もっともっと好きになれる.flac,not-found,
経験済みなキミと、経験ゼロなオレが、お付き合いする話。 ORIGINAL SOUNDTRACK\15. ショッピングデート2.flac,not-found,
経験済みなキミと、経験ゼロなオレが、お付き合いする話。 ORIGINAL SOUNDTRACK\16. 輝く太陽!白い波!.flac,not-found,
経験済みなキミと、経験ゼロなオレが、お付き合いする話。 ORIGINAL SOUNDTRACK\17. デート!デート!デート!.flac,not-found,
経験済みなキミと、経験ゼロなオレが、お付き合いする話。 ORIGINAL SOUNDTRACK\18. サバゲー・バトルフィールド.flac,not-found,
経験済みなキミと、経験ゼロなオレが、お付き合いする話。 ORIGINAL SOUNDTRACK\19. 何気ない幸せな日常.flac,not-found,
経験済みなキミと、経験ゼロなオレが、お付き合いする話。 ORIGINAL SOUNDTRACK\21. 黒瀬海愛.flac,not-found,
経験済みなキミと、経験ゼロなオレが、お付き合いする話。 ORIGINAL SOUNDTRACK\20. 「本物の好き」同士.flac,not-found,
経験済みなキミと、経験ゼロなオレが、お付き合いする話。 ORIGINAL SOUNDTRACK\22. 不安的中か!.flac,not-found,
経験済みなキミと、経験ゼロなオレが、お付き合いする話。 ORIGINAL SOUNDTRACK\23. ちょっとだけ気まずい関係.flac,not-found,
経験済みなキミと、経験ゼロなオレが、お付き合いする話。 ORIGINAL SOUNDTRACK\24. 疑惑の噂.flac,not-found,
経験済みなキミと、経験ゼロなオレが、お付き合いする話。 ORIGINAL SOUNDTRACK\25. 奪えばいいんだわ.flac,not-found,
経験済みなキミと、経験ゼロなオレが、お付き合いする話。 ORIGINAL SOUNDTRACK\27. 徐々に打ち解ける二つの心.flac,not-found,
経験済みなキミと、経験ゼロなオレが、お付き合いする話。 ORIGINAL SOUNDTRACK\26. 複雑で切ない想い出.flac,not-found,
経験済みなキミと、経験ゼロなオレが、お付き合いする話。 ORIGINAL SOUNDTRACK\29. 落ち着け、俺.flac,not-found,
経験済みなキミと、経験ゼロなオレが、お付き合いする話。 ORIGINAL SOUNDTRACK\30. よからぬことをしたい衝動.flac,not-found,
経験済みなキミと、経験ゼロなオレが、お付き合いする話。 ORIGINAL SOUNDTRACK\28. 過去を乗り越えて.flac,not-found,
経験済みなキミと、経験ゼロなオレが、お付き合いする話。 ORIGINAL SOUNDTRACK\33. うわっ、怒られる!.flac,not-found,
経験済みなキミと、経験ゼロなオレが、お付き合いする話。 ORIGINAL SOUNDTRACK\31. 見つかりませんように.flac,not-found,
経験済みなキミと、経験ゼロなオレが、お付き合いする話。 ORIGINAL SOUNDTRACK\32. 俺、何かしましたか.flac,not-found,
経験済みなキミと、経験ゼロなオレが、お付き合いする話。 ORIGINAL SOUNDTRACK\35. 気まずい空気.flac,not-found,
経験済みなキミと、経験ゼロなオレが、お付き合いする話。 ORIGINAL SOUNDTRACK\37. 後悔の念.flac,not-found,
経験済みなキミと、経験ゼロなオレが、お付き合いする話。 ORIGINAL SOUNDTRACK\34. なんでそうなる!.flac,not-found,
経験済みなキミと、経験ゼロなオレが、お付き合いする話。 ORIGINAL SOUNDTRACK\36. 裏切りの重さ.flac,not-found,
経験済みなキミと、経験ゼロなオレが、お付き合いする話。 ORIGINAL SOUNDTRACK\38. 少女回想.flac,not-found,
経験済みなキミと、経験ゼロなオレが、お付き合いする話。 ORIGINAL SOUNDTRACK\39. 思い出したくない過去.flac,not-found,
経験済みなキミと、経験ゼロなオレが、お付き合いする話。 ORIGINAL SOUNDTRACK\41. いいじゃんいいじゃんマジでマジで.flac,not-found,
経験済みなキミと、経験ゼロなオレが、お付き合いする話。 ORIGINAL SOUNDTRACK\40. 鋭い視線.flac,not-found,
経験済みなキミと、経験ゼロなオレが、お付き合いする話。 ORIGINAL SOUNDTRACK\42. 焦るリュート.flac,not-found,
経験済みなキミと、経験ゼロなオレが、お付き合いする話。 ORIGINAL SOUNDTRACK\43. 伝えたい本当の想い.flac,not-found,
経験済みなキミと、経験ゼロなオレが、お付き合いする話。 ORIGINAL SOUNDTRACK\45. 初めてじゃない私を受け止めて.flac,not-found,
経験済みなキミと、経験ゼロなオレが、お付き合いする話。 ORIGINAL SOUNDTRACK\44. 今は私を選んで.flac,not-found,
経験済みなキミと、経験ゼロなオレが、お付き合いする話。 ORIGINAL SOUNDTRACK\47. 挫けそうな気持ちをこらえて.flac,not-found,
経験済みなキミと、経験ゼロなオレが、お付き合いする話。 ORIGINAL SOUNDTRACK\46. 38.9°C.flac,not-found,
経験済みなキミと、経験ゼロなオレが、お付き合いする話。 ORIGINAL SOUNDTRACK\48. このまま付き合ってていいのかな.flac,not-found,
経験済みなキミと、経験ゼロなオレが、お付き合いする話。 ORIGINAL SOUNDTRACK\49. 自分をきらいになりそうなの.flac,not-found,
経験済みなキミと、経験ゼロなオレが、お付き合いする話。 ORIGINAL SOUNDTRACK\50. 私のサンタクロース.flac,not-found,
